goods,aprice,bprice,discount,url,availsize
코튼 호놀룰루 그래픽 오버핏 반팔 티셔츠,5900,29900,80,https://www.topten10mall.com/kr/front/goods/goodsDetail.do?goodsNo=PHA3TR3630LYE&trackNo=20&trackDtl=반팔티,['95']
데일리 슬릿넥 반팔 티셔츠,19900,79000,74,https://www.topten10mall.com/kr/front/goods/goodsDetail.do?goodsNo=NEB2TR1603NV&trackNo=20&trackDtl=반팔티,"['95', '100']"
퀵드라이 폰테 포켓 반팔 티,7900,29900,73,https://www.topten10mall.com/kr/front/goods/goodsDetail.do?goodsNo=MSB2TS1501DMT&trackNo=20&trackDtl=반팔티,"['95', '100']"
남아) 입체그래픽 반팔티,5900,19900,70,https://www.topten10mall.com/kr/front/goods/goodsDetail.do?goodsNo=MKB2TS1904DMT&trackNo=20&trackDtl=반팔티,"['100', '110', '120', '130']"
여성 소로나 그래픽 반팔 크롭 티셔츠,8900,29900,70,https://www.topten10mall.com/kr/front/goods/goodsDetail.do?goodsNo=PHB2TR2360WT&trackNo=20&trackDtl=반팔티,['1']
컬러 오가닉 반팔 티셔츠,2900,9900,70,https://www.topten10mall.com/kr/front/goods/goodsDetail.do?goodsNo=PKB3TS3910NV&trackNo=20&trackDtl=반팔티,"['120', '130', '140']"
공용 쿨테리 라벨 패치 후드 반팔 티셔츠,12900,39900,67,https://www.topten10mall.com/kr/front/goods/goodsDetail.do?goodsNo=PHB2TH3010DBL&trackNo=20&trackDtl=반팔티,"['95', '100', '105', '110']"
공용 쿨테리 라벨 패치 후드 반팔 티셔츠,12900,39900,67,https://www.topten10mall.com/kr/front/goods/goodsDetail.do?goodsNo=PHB2TH3010BK&trackNo=20&trackDtl=반팔티,"['95', '100', '105', '110']"
내츄럴 컴포트 리플 반팔티셔츠,19900,59000,66,https://www.topten10mall.com/kr/front/goods/goodsDetail.do?goodsNo=ZPB2TR1902GR&trackNo=20&trackDtl=반팔티,"['95', '100', '105', '110']"
에코 프렌들리 폴로 티셔츠,29900,89000,66,https://www.topten10mall.com/kr/front/goods/goodsDetail.do?goodsNo=NNC2TT1992BK&trackNo=20&trackDtl=반팔티,"['95', '100', '105', '110']"
솔리드 단가라 반팔티셔츠,6900,19900,65,https://www.topten10mall.com/kr/front/goods/goodsDetail.do?goodsNo=PHB2TR2720SPK&trackNo=20&trackDtl=반팔티,"['85', '90']"
공용 코튼 포켓 캠핑 자수 반팔티,8900,24900,64,https://www.topten10mall.com/kr/front/goods/goodsDetail.do?goodsNo=PKC2TS1810OR&trackNo=20&trackDtl=반팔티,"['120', '130', '140', '150', '160']"
공용 코튼 포켓 캠핑 자수 반팔티,8900,24900,64,https://www.topten10mall.com/kr/front/goods/goodsDetail.do?goodsNo=PKC2TS1810YE&trackNo=20&trackDtl=반팔티,"['120', '130', '140', '150', '160']"
여아) 코튼싱글 레터링 크롭 반팔티,4900,12900,62,https://www.topten10mall.com/kr/front/goods/goodsDetail.do?goodsNo=MKB2TS2201LM&trackNo=20&trackDtl=반팔티,"['120', '130', '140', '150', '160']"
미니 자수 코튼 반팔 티셔츠,29900,79000,62,https://www.topten10mall.com/kr/front/goods/goodsDetail.do?goodsNo=ZOB2TR1701WT&trackNo=20&trackDtl=반팔티,"['95', '100', '105']"
남아) 코튼슬럽 그래픽 반팔티,4900,12900,62,https://www.topten10mall.com/kr/front/goods/goodsDetail.do?goodsNo=MKB2TS1903IV&trackNo=20&trackDtl=반팔티,"['100', '110', '120']"
USA 코튼 솔리드 반팔티,19000,49900,61,https://www.topten10mall.com/kr/front/goods/goodsDetail.do?goodsNo=AEC2TR1101DNV&trackNo=20&trackDtl=반팔티,"['95', '100', '105', '110']"
공용) 디즈니 콜라보 반팔 티,7900,19900,60,https://www.topten10mall.com/kr/front/goods/goodsDetail.do?goodsNo=MSB2TS3003BK&trackNo=20&trackDtl=반팔티,"['85', '90', '95', '100', '105']"
공용) 조인혁 콜라보 반팔 티,7900,19900,60,https://www.topten10mall.com/kr/front/goods/goodsDetail.do?goodsNo=MSB2TS3004WT&trackNo=20&trackDtl=반팔티,"['90', '95', '100', '105', '110']"
공용) 조인혁 콜라보 반팔 티,7900,19900,60,https://www.topten10mall.com/kr/front/goods/goodsDetail.do?goodsNo=MSB2TS3004CH&trackNo=20&trackDtl=반팔티,"['90', '95', '100', '105']"
공용) 슬럽 그래픽 반팔 티,7900,19900,60,https://www.topten10mall.com/kr/front/goods/goodsDetail.do?goodsNo=MSB2TS3013LBE&trackNo=20&trackDtl=반팔티,"['90', '95', '100', '105', '110', '115']"
공용) USA 코튼 그래픽 반팔 티,7900,19900,60,https://www.topten10mall.com/kr/front/goods/goodsDetail.do?goodsNo=MSB2TS3011DGN&trackNo=20&trackDtl=반팔티,"['90', '100', '105', '110', '115']"
공용) 슬럽 그래픽 반팔 티,7900,19900,60,https://www.topten10mall.com/kr/front/goods/goodsDetail.do?goodsNo=MSB2TS3013NV&trackNo=20&trackDtl=반팔티,"['90', '95', '100', '105', '110']"
코튼 SURF 그래픽 오버핏 반팔티,29000,69900,58,https://www.topten10mall.com/kr/front/goods/goodsDetail.do?goodsNo=AEC2TR3181WTA&trackNo=20&trackDtl=반팔티,"['95', '100', '105', '110']"
쿨텐션 포켓 반팔 티셔츠,16900,39900,57,https://www.topten10mall.com/kr/front/goods/goodsDetail.do?goodsNo=EPC2TR1362TBL&trackNo=20&trackDtl=반팔티,"['95', '100', '105', '110']"
원마일웨어 그래픽 반팔 티셔츠,16900,39900,57,https://www.topten10mall.com/kr/front/goods/goodsDetail.do?goodsNo=EPC2TR1351WT&trackNo=20&trackDtl=반팔티,['95']
쿨텐션 슬릿넥 반팔 티셔츠,16900,39900,57,https://www.topten10mall.com/kr/front/goods/goodsDetail.do?goodsNo=EPC2TR1361PP&trackNo=20&trackDtl=반팔티,"['95', '100', '105', '110']"
쿨텐션 포켓 반팔 티셔츠,16900,39900,57,https://www.topten10mall.com/kr/front/goods/goodsDetail.do?goodsNo=EPC2TR1362NV&trackNo=20&trackDtl=반팔티,"['95', '100', '105', '110']"
유니버스)로고 그래픽 반팔티,29900,69000,56,https://www.topten10mall.com/kr/front/goods/goodsDetail.do?goodsNo=BLC2TR3501WT&trackNo=20&trackDtl=반팔티,"['95', '100', '105', '110']"
공용) 순댕이 와펜 쿨텐션 티셔츠,24900,49900,50,https://www.topten10mall.com/kr/front/goods/goodsDetail.do?goodsNo=EPC2TR1952LPK&trackNo=20&trackDtl=반팔티,"['85', '90', '95', '100', '105', '110']"
공용) 순댕이 전판 프린트 쿨텐션 티셔츠,24900,49900,50,https://www.topten10mall.com/kr/front/goods/goodsDetail.do?goodsNo=EPC2TR1954MT&trackNo=20&trackDtl=반팔티,"['95', '100', '105', '110']"
공용) 순댕이 전판 프린트 쿨텐션 티셔츠,24900,49900,50,https://www.topten10mall.com/kr/front/goods/goodsDetail.do?goodsNo=EPC2TR1954PK&trackNo=20&trackDtl=반팔티,"['90', '95', '100', '105']"
쿨텐션 그래픽 5부 티셔츠,19900,39900,50,https://www.topten10mall.com/kr/front/goods/goodsDetail.do?goodsNo=EPC2TR2351LPK&trackNo=20&trackDtl=반팔티,"['85', '90']"
쿨텐션 그래픽 5부 티셔츠,19900,39900,50,https://www.topten10mall.com/kr/front/goods/goodsDetail.do?goodsNo=EPC2TR2351SBL&trackNo=20&trackDtl=반팔티,"['85', '90']"
공용) 순댕이 와펜 쿨텐션 티셔츠,24900,49900,50,https://www.topten10mall.com/kr/front/goods/goodsDetail.do?goodsNo=EPC2TR1952WT&trackNo=20&trackDtl=반팔티,"['90', '95', '100', '105', '110']"
공용) 순댕이 와펜 쿨텐션 티셔츠,24900,49900,50,https://www.topten10mall.com/kr/front/goods/goodsDetail.do?goodsNo=EPC2TR1952TGN&trackNo=20&trackDtl=반팔티,"['90', '95', '100', '105', '110']"
여성) 쿨텐션 솔리드 크루넥 반팔티,19900,39900,50,https://www.topten10mall.com/kr/front/goods/goodsDetail.do?goodsNo=PHC2TR2410LSK&trackNo=20&trackDtl=반팔티,"['85', '90']"
여아 호두마루 콜라보 포토 반팔티,14900,29900,50,https://www.topten10mall.com/kr/front/goods/goodsDetail.do?goodsNo=PKC2TS2060YE&trackNo=20&trackDtl=반팔티,"['120', '130', '140', '150', '160']"
공용) 순댕이 와펜 쿨텐션 티셔츠,24900,49900,50,https://www.topten10mall.com/kr/front/goods/goodsDetail.do?goodsNo=EPC2TR1952SBL&trackNo=20&trackDtl=반팔티,"['85', '90', '95', '100', '105', '110']"
공용) 순댕이 와펜 쿨텐션 티셔츠,24900,49900,50,https://www.topten10mall.com/kr/front/goods/goodsDetail.do?goodsNo=EPC2TR1952MU&trackNo=20&trackDtl=반팔티,"['90', '95', '100', '105', '110']"
공용 쿨텐션 호두마루 콜라보 반팔티,14900,29900,50,https://www.topten10mall.com/kr/front/goods/goodsDetail.do?goodsNo=PKC2TS3450CH&trackNo=20&trackDtl=반팔티,"['120', '130', '140', '150', '160']"
공용) 순댕이 전판 프린트 쿨텐션 티셔츠,24900,49900,50,https://www.topten10mall.com/kr/front/goods/goodsDetail.do?goodsNo=EPC2TR1954DNV&trackNo=20&trackDtl=반팔티,"['95', '100', '105', '110']"
20수 코튼 오버핏 반팔 티,7900,15900,50,https://www.topten10mall.com/kr/front/goods/goodsDetail.do?goodsNo=MSB2TS1001WT&trackNo=20&trackDtl=반팔티,"['90', '95']"
공용) 순댕이 와펜 쿨텐션 티셔츠,24900,49900,50,https://www.topten10mall.com/kr/front/goods/goodsDetail.do?goodsNo=EPC2TR1952DNV&trackNo=20&trackDtl=반팔티,"['90', '95', '100', '105', '110']"
공용) 순댕이 와펜 쿨텐션 티셔츠,24900,49900,50,https://www.topten10mall.com/kr/front/goods/goodsDetail.do?goodsNo=EPC2TR1952DBL&trackNo=20&trackDtl=반팔티,"['90', '95', '100', '105', '110']"
공용) 순댕이 와펜 쿨텐션 티셔츠,24900,49900,50,https://www.topten10mall.com/kr/front/goods/goodsDetail.do?goodsNo=EPC2TR1952CR&trackNo=20&trackDtl=반팔티,"['85', '90', '95', '100', '105', '110']"
공용) 순댕이 와펜 쿨텐션 티셔츠,24900,49900,50,https://www.topten10mall.com/kr/front/goods/goodsDetail.do?goodsNo=EPC2TR1952BK&trackNo=20&trackDtl=반팔티,"['85', '95', '100', '105', '110']"
공용) 순댕이 와펜 쿨텐션 티셔츠,24900,49900,50,https://www.topten10mall.com/kr/front/goods/goodsDetail.do?goodsNo=EPC2TR1952BE&trackNo=20&trackDtl=반팔티,"['90', '95', '100', '105', '110']"
공용) 순댕이 와펜 쿨텐션 티셔츠,24900,49900,50,https://www.topten10mall.com/kr/front/goods/goodsDetail.do?goodsNo=EPC2TR1952BBK&trackNo=20&trackDtl=반팔티,"['90', '95', '100', '105', '110']"
공용) 순댕이 와펜 코튼 티셔츠,19900,39900,50,https://www.topten10mall.com/kr/front/goods/goodsDetail.do?goodsNo=EPC2TR1950WT&trackNo=20&trackDtl=반팔티,"['90', '95', '100', '105', '110']"
공용) 순댕이 와펜 코튼 티셔츠,19900,39900,50,https://www.topten10mall.com/kr/front/goods/goodsDetail.do?goodsNo=EPC2TR1950TBL&trackNo=20&trackDtl=반팔티,"['95', '100', '105', '110']"
공용) 순댕이 와펜 코튼 티셔츠,19900,39900,50,https://www.topten10mall.com/kr/front/goods/goodsDetail.do?goodsNo=EPC2TR1950RBL&trackNo=20&trackDtl=반팔티,"['95', '100', '105', '110']"
공용) 순댕이 와펜 코튼 티셔츠,19900,39900,50,https://www.topten10mall.com/kr/front/goods/goodsDetail.do?goodsNo=EPC2TR1950LYE&trackNo=20&trackDtl=반팔티,"['95', '100', '105', '110']"
공용) 순댕이 와펜 코튼 티셔츠,19900,39900,50,https://www.topten10mall.com/kr/front/goods/goodsDetail.do?goodsNo=EPC2TR1950LGN&trackNo=20&trackDtl=반팔티,"['90', '95', '100', '105']"
공용) 순댕이 와펜 코튼 티셔츠,19900,39900,50,https://www.topten10mall.com/kr/front/goods/goodsDetail.do?goodsNo=EPC2TR1950LBL&trackNo=20&trackDtl=반팔티,"['90', '95', '100', '105', '110']"
공용) 순댕이 와펜 코튼 티셔츠,19900,39900,50,https://www.topten10mall.com/kr/front/goods/goodsDetail.do?goodsNo=EPC2TR1950BK&trackNo=20&trackDtl=반팔티,"['90', '95', '100', '105', '110']"
공용) 순댕이 와펜 코튼 티셔츠,19900,39900,50,https://www.topten10mall.com/kr/front/goods/goodsDetail.do?goodsNo=EPC2TR1950BE&trackNo=20&trackDtl=반팔티,"['95', '100', '105', '110']"
아동) 오가닉코튼 레인보우 반팔티,4900,9900,50,https://www.topten10mall.com/kr/front/goods/goodsDetail.do?goodsNo=MKB5TS3902PK&trackNo=20&trackDtl=반팔티,"['100', '110']"
공용 소로나 호두마루 콜라보 반팔티 ,14900,29900,50,https://www.topten10mall.com/kr/front/goods/goodsDetail.do?goodsNo=PKC2TS3460LGN&trackNo=20&trackDtl=반팔티,"['120', '130', '140', '150', '160']"
아동) 오가닉코튼 레인보우 반팔티,4900,9900,50,https://www.topten10mall.com/kr/front/goods/goodsDetail.do?goodsNo=MKB5TS3902LYE&trackNo=20&trackDtl=반팔티,"['100', '110']"
여성) 코튼 롱기장 루즈핏 반팔 티,7900,15900,50,https://www.topten10mall.com/kr/front/goods/goodsDetail.do?goodsNo=MSB2TS2030WT&trackNo=20&trackDtl=반팔티,"['85', '90']"
공용 )쿨텐션 솔리드 반팔티,19900,39900,50,https://www.topten10mall.com/kr/front/goods/goodsDetail.do?goodsNo=PHC2TR3240ST&trackNo=20&trackDtl=반팔티,"['90', '95', '100', '105', '110']"
20수 코튼 오버핏 반팔 티,7900,15900,50,https://www.topten10mall.com/kr/front/goods/goodsDetail.do?goodsNo=MSB2TS1001PK&trackNo=20&trackDtl=반팔티,"['90', '95', '100', '105', '110']"
20수 코튼 오버핏 반팔 티,7900,15900,50,https://www.topten10mall.com/kr/front/goods/goodsDetail.do?goodsNo=MSB2TS1001MT&trackNo=20&trackDtl=반팔티,"['90', '95', '100']"
오버핏 맨투맨형 반팔 티셔츠,19900,39900,50,https://www.topten10mall.com/kr/front/goods/goodsDetail.do?goodsNo=EPC2TR1353CR&trackNo=20&trackDtl=반팔티,"['95', '100', '105', '110']"
여성) 립 크루넥 반팔티,15000,29900,49,https://www.topten10mall.com/kr/front/goods/goodsDetail.do?goodsNo=PHC2TR2330SBK&trackNo=20&trackDtl=반팔티,"['85', '90', '95']"
여성) 더투어 오버핏 반팔 그래픽티,15000,29900,49,https://www.topten10mall.com/kr/front/goods/goodsDetail.do?goodsNo=PHC2TR2020BK&trackNo=20&trackDtl=반팔티,"['85', '90']"
여성) 면 스트라이프 크루넥 반팔티,15000,29900,49,https://www.topten10mall.com/kr/front/goods/goodsDetail.do?goodsNo=PHC2TR2720SBL&trackNo=20&trackDtl=반팔티,"['85', '90']"
스테이쿨 베이직 반팔 티셔츠,16900,29900,43,https://www.topten10mall.com/kr/front/goods/goodsDetail.do?goodsNo=EPC2TR1151WT&trackNo=20&trackDtl=반팔티,"['90', '95', '100', '105', '110']"
여성) 오가닉 코튼 크루넥 반팔 티,7900,12900,38,https://www.topten10mall.com/kr/front/goods/goodsDetail.do?goodsNo=MSB2TS2901WT&trackNo=20&trackDtl=반팔티,"['85', '90', '95', '100', '105']"
공용) 슬럽 크루넥 반팔 티,7900,12900,38,https://www.topten10mall.com/kr/front/goods/goodsDetail.do?goodsNo=MSB2TS3911LBL&trackNo=20&trackDtl=반팔티,"['90', '95', '100', '105', '110']"
공용) 슬럽 브이넥 반팔 티,7900,12900,38,https://www.topten10mall.com/kr/front/goods/goodsDetail.do?goodsNo=MSB2TV3911WT&trackNo=20&trackDtl=반팔티,"['90', '95', '100', '105', '110', '115']"
공용 쿨텐션 시그니처 반팔티,15900,24900,36,https://www.topten10mall.com/kr/front/goods/goodsDetail.do?goodsNo=PKC2TS1410MT&trackNo=20&trackDtl=반팔티,"['130', '140', '150', '160']"
공용 쿨텐션 시그니처 반팔티,15900,24900,36,https://www.topten10mall.com/kr/front/goods/goodsDetail.do?goodsNo=PKC2TS1410CH&trackNo=20&trackDtl=반팔티,"['130', '140', '150', '160']"
CITYBOY 그래픽 반팔티셔츠,27930,39900,30,https://www.topten10mall.com/kr/front/goods/goodsDetail.do?goodsNo=RAB5TR1405BK&trackNo=20&trackDtl=반팔티,"['90', '95', '100']"
원포인트 스몰로고 반팔티셔츠,27930,39900,30,https://www.topten10mall.com/kr/front/goods/goodsDetail.do?goodsNo=RAB5TR1401BK&trackNo=20&trackDtl=반팔티,"['90', '95', '100', '105']"
레터링 반팔티셔츠,27930,39900,30,https://www.topten10mall.com/kr/front/goods/goodsDetail.do?goodsNo=RAB5TR1404IV&trackNo=20&trackDtl=반팔티,"['90', '95', '100', '105']"
리플렉티브 로고 반팔티셔츠,27930,39900,30,https://www.topten10mall.com/kr/front/goods/goodsDetail.do?goodsNo=RAB5TR1402WH&trackNo=20&trackDtl=반팔티,"['90', '95', '100', '105']"
여아 쿨텐션 반팔 후드티 ,22900,29900,23,https://www.topten10mall.com/kr/front/goods/goodsDetail.do?goodsNo=PKC2TH2010MT&trackNo=20&trackDtl=반팔티,"['130', '140', '150', '160']"
공용) 슬럽 브이넥 반팔 티,9900,12900,23,https://www.topten10mall.com/kr/front/goods/goodsDetail.do?goodsNo=MSC2TV3911WT&trackNo=20&trackDtl=반팔티,"['90', '95', '100', '105', '110', '115']"
공용) 슬럽 크루넥 반팔 티,9900,12900,23,https://www.topten10mall.com/kr/front/goods/goodsDetail.do?goodsNo=MSC2TS3911TGN&trackNo=20&trackDtl=반팔티,"['90', '95', '100', '105', '110', '115']"
공용) 슬럽 크루넥 반팔 티,9900,12900,23,https://www.topten10mall.com/kr/front/goods/goodsDetail.do?goodsNo=MSC2TS3911LBL&trackNo=20&trackDtl=반팔티,"['90', '95', '100', '105', '110', '115']"
공용) 슬럽 크루넥 반팔 티,9900,12900,23,https://www.topten10mall.com/kr/front/goods/goodsDetail.do?goodsNo=MSC2TS3911PK&trackNo=20&trackDtl=반팔티,"['90', '95', '100', '105', '110']"
여성) 오가닉 코튼 크루넥 반팔 티,9900,12900,23,https://www.topten10mall.com/kr/front/goods/goodsDetail.do?goodsNo=MSC2TS2901BL&trackNo=20&trackDtl=반팔티,"['85', '90', '95']"
여성) 오가닉 코튼 크루넥 반팔 티,9900,12900,23,https://www.topten10mall.com/kr/front/goods/goodsDetail.do?goodsNo=MSC2TS2901DGR&trackNo=20&trackDtl=반팔티,"['85', '90', '95', '100']"
여성) 오가닉 코튼 크루넥 반팔 티,9900,12900,23,https://www.topten10mall.com/kr/front/goods/goodsDetail.do?goodsNo=MSC2TS2901CO&trackNo=20&trackDtl=반팔티,"['85', '90', '95']"
공용) 슬럽 크루넥 반팔 티,9900,12900,23,https://www.topten10mall.com/kr/front/goods/goodsDetail.do?goodsNo=MSC2TS3911WT&trackNo=20&trackDtl=반팔티,"['90', '95', '100', '105', '110', '115']"
남아 스누피 콜라보 반팔티,19900,24900,20,https://www.topten10mall.com/kr/front/goods/goodsDetail.do?goodsNo=PKC2TS1230BC&trackNo=20&trackDtl=반팔티,"['120', '130', '140', '150', '160']"
여성) BALANCE 퀵드라이 메쉬 반팔 티,15900,19900,20,https://www.topten10mall.com/kr/front/goods/goodsDetail.do?goodsNo=MSC5TS2201IV&trackNo=20&trackDtl=반팔티,"['S', 'M', 'L', 'XL']"
여성) BALANCE 퀵드라이 메쉬 반팔 티,15900,19900,20,https://www.topten10mall.com/kr/front/goods/goodsDetail.do?goodsNo=MSC5TS2201BL&trackNo=20&trackDtl=반팔티,"['S', 'M', 'L', 'XL']"
공용) USA 코튼 그래픽 반팔 티 (멸종위기동물),19900,0,0,https://www.topten10mall.com/kr/front/goods/goodsDetail.do?goodsNo=MSC2TS3013MGR&trackNo=20&trackDtl=반팔티,"['90', '95', '100', '105', '110', '115']"
여성) 콜라보 반팔 티 (디즈니),19900,0,0,https://www.topten10mall.com/kr/front/goods/goodsDetail.do?goodsNo=MSC2TS2001CH&trackNo=20&trackDtl=반팔티,"['80', '85', '90', '95', '100']"
남성) 쿨에어 브이넥 반팔 티,12900,0,0,https://www.topten10mall.com/kr/front/goods/goodsDetail.do?goodsNo=MSC2US1202OWT&trackNo=20&trackDtl=반팔티,"['95', '100', '105', '110', '115']"
유아) 반소매 라운지 세트,19900,0,0,https://www.topten10mall.com/kr/front/goods/goodsDetail.do?goodsNo=MKC2UI3302LPP&trackNo=20&trackDtl=반팔티,"['80', '90', '100']"
유아) 반소매 라운지 세트,19900,0,0,https://www.topten10mall.com/kr/front/goods/goodsDetail.do?goodsNo=MKC2UI3302BLP&trackNo=20&trackDtl=반팔티,"['80', '90', '100']"
포인핸드 홈런 콜라보 티셔츠,39900,0,0,https://www.topten10mall.com/kr/front/goods/goodsDetail.do?goodsNo=EPC5ZZ1951OR&trackNo=20&trackDtl=반팔티,"['95', '100', '105']"
공용) 조인혁 콜라보 반팔 티 (플로깅),19900,0,0,https://www.topten10mall.com/kr/front/goods/goodsDetail.do?goodsNo=MSC2TS3004MGR&trackNo=20&trackDtl=반팔티,"['90', '95', '100', '105', '110', '115', '120']"
공용) 카카오프렌즈 콜라보 반팔 티,19900,0,0,https://www.topten10mall.com/kr/front/goods/goodsDetail.do?goodsNo=MSC2TS3002BR&trackNo=20&trackDtl=반팔티,"['85', '90', '95', '100', '105', '110', '115', '120']"
남아) 코튼슬럽 그래픽 반팔티,15900,0,0,https://www.topten10mall.com/kr/front/goods/goodsDetail.do?goodsNo=MKC2TS1903KH&trackNo=20&trackDtl=반팔티,"['100', '110', '120', '130', '140', '150', '160']"
아동) 타이다이 반팔티,25900,0,0,https://www.topten10mall.com/kr/front/goods/goodsDetail.do?goodsNo=MKC2TS3201BL&trackNo=20&trackDtl=반팔티,"['120', '130', '140', '150', '160']"
남성) 퀵드라이 폰테 넥슬릿 반팔 티,29900,0,0,https://www.topten10mall.com/kr/front/goods/goodsDetail.do?goodsNo=MSC2TS1504BK&trackNo=20&trackDtl=반팔티,"['95', '100', '105', '110', '115']"
여성) 콜라보 반팔 티 (디즈니),19900,0,0,https://www.topten10mall.com/kr/front/goods/goodsDetail.do?goodsNo=MSC2TS2001CR&trackNo=20&trackDtl=반팔티,"['80', '85', '90', '95', '100']"
여성) USA 코튼 그래픽 반팔 티,19900,0,0,https://www.topten10mall.com/kr/front/goods/goodsDetail.do?goodsNo=MSC2TS2101CH&trackNo=20&trackDtl=반팔티,"['85', '90', '95', '100', '105']"
공용) 슬럽 스트라이프 반팔 티,19900,0,0,https://www.topten10mall.com/kr/front/goods/goodsDetail.do?goodsNo=MSC2TS3912NV&trackNo=20&trackDtl=반팔티,"['90', '95', '100', '105', '110', '115']"
공용) 슬럽 스트라이프 반팔 티,19900,0,0,https://www.topten10mall.com/kr/front/goods/goodsDetail.do?goodsNo=MSC2TS3912BKM&trackNo=20&trackDtl=반팔티,"['90', '95', '100', '105', '110', '115']"
공용) 에코쿨링 그래픽 반팔 티,29900,0,0,https://www.topten10mall.com/kr/front/goods/goodsDetail.do?goodsNo=MSC2TS3015LGR&trackNo=20&trackDtl=반팔티,"['90', '95', '100', '105', '110']"
공용) 에코쿨링 그래픽 반팔 티,29900,0,0,https://www.topten10mall.com/kr/front/goods/goodsDetail.do?goodsNo=MSC2TS3015LBL&trackNo=20&trackDtl=반팔티,"['90', '95', '100', '105', '110']"
공용) USA 코튼 그래픽 반팔 티 (바캉스),19900,0,0,https://www.topten10mall.com/kr/front/goods/goodsDetail.do?goodsNo=MSC2TS3012RD&trackNo=20&trackDtl=반팔티,"['90', '95', '100', '105', '110', '115']"
공용) USA 코튼 그래픽 반팔 티 (바캉스),19900,0,0,https://www.topten10mall.com/kr/front/goods/goodsDetail.do?goodsNo=MSC2TS3012CR&trackNo=20&trackDtl=반팔티,"['90', '95', '100', '105', '110', '115']"
공용) USA 코튼 그래픽 반팔 티 (바캉스),19900,0,0,https://www.topten10mall.com/kr/front/goods/goodsDetail.do?goodsNo=MSC2TS3012BKA&trackNo=20&trackDtl=반팔티,"['90', '95', '100', '105', '110', '115']"
공용) USA 코튼 그래픽 반팔 티 (레터링),19900,0,0,https://www.topten10mall.com/kr/front/goods/goodsDetail.do?goodsNo=MSC2TS3011WT&trackNo=20&trackDtl=반팔티,"['90', '95', '100', '105', '110', '115']"
공용) USA 코튼 그래픽 반팔 티 (레터링),19900,0,0,https://www.topten10mall.com/kr/front/goods/goodsDetail.do?goodsNo=MSC2TS3011LGR&trackNo=20&trackDtl=반팔티,"['90', '95', '100', '105', '110', '115']"
공용) 조인혁 콜라보 반팔 티 (플로깅),19900,0,0,https://www.topten10mall.com/kr/front/goods/goodsDetail.do?goodsNo=MSC2TS3004MT&trackNo=20&trackDtl=반팔티,"['90', '95', '100', '105', '110', '115', '120']"
공용) 카카오프렌즈 콜라보 반팔 티,19900,0,0,https://www.topten10mall.com/kr/front/goods/goodsDetail.do?goodsNo=MSC2TS3002BL&trackNo=20&trackDtl=반팔티,"['85', '90', '95', '100', '105', '110', '115', '120']"
공용) 카카오프렌즈 콜라보 반팔 티,19900,0,0,https://www.topten10mall.com/kr/front/goods/goodsDetail.do?goodsNo=MSC2TS3001DBL&trackNo=20&trackDtl=반팔티,"['85', '90', '95', '100', '105', '110', '115', '120']"
남아) 코튼슬럽 그래픽 반팔티,15900,0,0,https://www.topten10mall.com/kr/front/goods/goodsDetail.do?goodsNo=MKC2TS1903LNV&trackNo=20&trackDtl=반팔티,"['100', '110', '120', '130', '140', '150', '160']"
여성) 순댕이 와펜 스트라이프 티셔츠,49900,0,0,https://www.topten10mall.com/kr/front/goods/goodsDetail.do?goodsNo=EPC2TR2952SBL&trackNo=20&trackDtl=반팔티,"['85', '90', '95']"
여성) 순댕이 와펜 스트라이프 티셔츠,49900,0,0,https://www.topten10mall.com/kr/front/goods/goodsDetail.do?goodsNo=EPC2TR2952NV&trackNo=20&trackDtl=반팔티,"['85', '90', '95']"
여성) 순댕이 와펜 스트라이프 티셔츠,49900,0,0,https://www.topten10mall.com/kr/front/goods/goodsDetail.do?goodsNo=EPC2TR2952LPK&trackNo=20&trackDtl=반팔티,"['85', '90', '95']"
유아) 반소매 라운지 세트,19900,0,0,https://www.topten10mall.com/kr/front/goods/goodsDetail.do?goodsNo=MKC2UI3302LBP&trackNo=20&trackDtl=반팔티,"['80', '90', '100']"
