,goods,bprice,aprice,discount
0,공용) 오가닉 코튼 크루넥 반팔 티,9900,12900,23
1,공용) 오가닉 코튼 크루넥 반팔 티,9900,12900,23
2,쿨에어 크루넥 반팔 티,6900,12900,46
3,공용 오가닉 솔리드 반팔 티셔츠,4900,9900,50
4,여성) 오가닉 코튼 크루넥 반팔 티,9900,12900,23
5,아동) 오가닉코튼 레인보우 긴팔티,12900,0,0
6,쿨에어 브이넥 반팔 티,6900,12900,46
7,공용) 오가닉 코튼 크루넥 긴팔 티,9900,19900,50
8,쿨에어 크루넥 반팔 티,6900,12900,46
9,여성) 오가닉 코튼 크루넥 반팔 티,9900,12900,23
10,+5cm 반팔 레이어드티셔츠,12240,24900,50
11,남아) 코튼싱글 레터링 반팔티,6900,12900,46
12,공용) 오가닉 코튼 크루넥 긴팔 티,9900,19900,50
13,아동) 오가닉코튼 레인보우 반팔티,9900,0,0
14,공용) 슬럽 크루넥 반팔 티,7900,12900,38
15,아동) 오가닉코튼 레인보우 반팔티,9900,0,0
16,공용 오가닉 솔리드 반팔 티셔츠,4900,9900,50
17,아동) 오가닉코튼 레인보우 반팔티,9900,0,0
18,아동) 오가닉코튼 레인보우 긴팔티,12900,0,0
19,아동) 오가닉코튼 레인보우 반팔티,9900,0,0
20,아동) 오가닉코튼 레인보우 반팔티,9900,0,0
21,여성) 오가닉 코튼 크루넥 긴팔 티,9900,19900,50
22,여아) 7부 티셔츠,12900,15900,18
23,공용) 슬럽 크루넥 반팔 티,7900,12900,38
24,아동) 오가닉코튼 레인보우 반팔티,9900,0,0
25,아동) 오가닉코튼 레인보우 반팔티,9900,0,0
26,아동) 오가닉코튼 레인보우 긴팔티,12900,0,0
27,공용) 슬럽 그래픽 반팔 티,7900,19900,60
28,유니버스)초코어 콜라보 와펜 반팔티,19000,59000,67
29,남아) 코튼싱글 레터링 반팔티,6900,12900,46
30,공용) 오가닉 코튼 크루넥 반팔 티,9900,12900,23
31,공용) 오가닉 코튼 크루넥 반팔 티,9900,12900,23
32,쿨에어 크루넥 반팔 티,6900,12900,46
33,공용 오가닉 솔리드 반팔 티셔츠,4900,9900,50
34,여성) 오가닉 코튼 크루넥 반팔 티,9900,12900,23
35,아동) 오가닉코튼 레인보우 긴팔티,12900,0,0
36,쿨에어 브이넥 반팔 티,6900,12900,46
37,공용) 오가닉 코튼 크루넥 긴팔 티,9900,19900,50
38,쿨에어 크루넥 반팔 티,6900,12900,46
39,여성) 오가닉 코튼 크루넥 반팔 티,9900,12900,23
40,+5cm 반팔 레이어드티셔츠,12240,24900,50
41,남아) 코튼싱글 레터링 반팔티,6900,12900,46
42,공용) 오가닉 코튼 크루넥 긴팔 티,9900,19900,50
43,아동) 오가닉코튼 레인보우 반팔티,9900,0,0
44,공용) 슬럽 크루넥 반팔 티,7900,12900,38
45,아동) 오가닉코튼 레인보우 반팔티,9900,0,0
46,공용 오가닉 솔리드 반팔 티셔츠,4900,9900,50
47,아동) 오가닉코튼 레인보우 반팔티,9900,0,0
48,아동) 오가닉코튼 레인보우 긴팔티,12900,0,0
49,아동) 오가닉코튼 레인보우 반팔티,9900,0,0
50,아동) 오가닉코튼 레인보우 반팔티,9900,0,0
51,여성) 오가닉 코튼 크루넥 긴팔 티,9900,19900,50
52,여아) 7부 티셔츠,12900,15900,18
53,공용) 슬럽 크루넥 반팔 티,7900,12900,38
54,아동) 오가닉코튼 레인보우 반팔티,9900,0,0
55,아동) 오가닉코튼 레인보우 반팔티,9900,0,0
56,아동) 오가닉코튼 레인보우 긴팔티,12900,0,0
57,공용) 슬럽 그래픽 반팔 티,7900,19900,60
58,유니버스)초코어 콜라보 와펜 반팔티,19000,59000,67
59,남아) 코튼싱글 레터링 반팔티,6900,12900,46
60,공용) 코튼 레이어드 반팔 티 (2PACK),15900,19900,20
61,머신 워셔블 슬릿 카라 티셔츠,29000,139900,79
62,아동) 오가닉코튼 레인보우 긴팔티,12900,0,0
63,남성) 면 텍스쳐드 긴팔티,9900,39900,75
64,여성) 오가닉 코튼 크루넥 반팔 티,9900,12900,23
65,공용) C/P 피케 카라 티셔츠,9900,19900,50
66,공용 오가닉 솔리드 반팔 티셔츠,4900,9900,50
67,머신 워셔블 슬릿 카라 티셔츠,29000,139900,79
68,남아) 코튼싱글 레터링 반팔티,6900,12900,46
69,공용) 오가닉 코튼 크루넥 반팔 티,9900,12900,23
70,공용) 오가닉 코튼 브이넥 반팔 티,9900,12900,23
71,여성) 오가닉 코튼 크루넥 반팔 티,9900,12900,23
72,쿨에어 브이넥 반팔 티,6900,12900,46
73,공용) 슬럽 그래픽 반팔 티,7900,19900,60
74,공용 오가닉 솔리드 반팔 티셔츠,4900,9900,50
75,공용) 오가닉 코튼 브이넥 반팔 티,9900,12900,23
76,머신 워셔블 슬릿 카라 티셔츠,29000,139900,79
77,공용 쿨테리 포켓 맨투맨 ,14900,39900,62
78,아동) 라글란 7부티,9900,12900,23
79,공용) 오가닉 코튼 크루넥 반팔 티,9900,12900,23
80,여아) 7부 티셔츠,12900,15900,18
81,유니버스)초코어 콜라보 와펜 반팔티,19000,59000,67
82,퀵드라이 폰테 그래픽 오버핏 반팔 티,7900,29900,73
83,유니버스)초코어 콜라보 와펜 반팔티,19000,59000,67
84,공용) 슬럽 그래픽 반팔 티,7900,19900,60
85,공용) 튜블러 티셔츠 5팩,29900,39900,25
86,공용) 카카오프렌즈 콜라보 반팔 티,7900,19900,60
87,여성) 오가닉 코튼 크루넥 반팔 티,9900,12900,23
88,여성) 오가닉 코튼 크루넥 긴팔 티,9900,19900,50
89,아동) 라글란 7부티,9900,12900,23
90,남아) 코튼싱글 레터링 반팔티,6900,12900,46
91,유니버스)초코어 콜라보 와펜 반팔티,19000,59000,67
92,아동) 라글란 7부티,9900,12900,23
93,여아) 7부 티셔츠,12900,15900,18
94,여성) 쿨에어 반팔 티,6900,12900,46
95,여성) 슬럽 크루넥 반팔 티,7900,12900,38
96,남아) 코튼싱글 레터링 반팔티,6900,12900,46
97,공용) 슬럽 그래픽 반팔 티,7900,19900,60
98,어위크 코튼 티셔츠,19900,29000,31
99,남아) 코튼슬럽 그래픽 반팔티,7900,12900,38
100,공용) 오가닉 코튼 크루넥 반팔 티,9900,12900,23
101,아동) 라글란 7부티,9900,12900,23
102,남성) 쿨에어 심리스 브이넥 반팔 티,12900,0,0
103,여성) 오가닉 코튼 브이넥 반팔 티,9900,12900,23
104,아동) 스트라이프 티셔츠,12900,19900,35
105,공용) 오가닉 코튼 크루넥 긴팔 티,9900,19900,50
106,공용) 오가닉 코튼 크루넥 긴팔 티,9900,19900,50
107,아동) 라글란 7부티,9900,12900,23
108,공용 쿨테리 포켓 맨투맨 ,14900,39900,62
109,공용 오가닉 솔리드 반팔 티셔츠,4900,9900,50
110,공용) 오가닉 코튼 크루넥 반팔 티,9900,12900,23
111,아동) 스트라이프 티셔츠,12900,19900,35
112,공용) 오가닉 코튼 크루넥 반팔 티,9900,12900,23
113,공용 오가닉 솔리드 반팔 티셔츠,4900,9900,50
114,공용 오가닉 솔리드 반팔 티셔츠,4900,9900,50
115,유니버스)초코어 콜라보 와펜 반팔티,19000,59000,67
116,공용) 코튼 그래픽 반팔 티,7900,19900,60
117,아동) 카카오프렌즈 콜라보 7부티,15900,19900,20
118,여성) 슬럽 브이넥 반팔 티,7900,12900,38
119,어위크 코튼 티셔츠,19900,29000,31
120,아동) 스트라이프 7부티,15900,19900,20
121,공용) 오가닉 코튼 크루넥 긴팔 티,9900,19900,50
122,공용) 오가닉 코튼 크루넥 긴팔 티,9900,19900,50
123,여성) 슬럽 브이넥 반팔 티,7900,12900,38
124,아동) 라글란 7부티,9900,12900,23
125,남아) 코튼슬럽 그래픽 반팔티,7900,12900,38
126,공용) 슬럽 크루넥 반팔 티,7900,12900,38
127,아동) 카카오프렌즈 콜라보 7부티,15900,19900,20
128,공용) 소프트 폴로 티셔츠,12900,29900,56
129,공용) 오가닉 코튼 크루넥 반팔 티,9900,12900,23
130,남아) 코튼싱글 레터링 반팔티,6900,12900,46
131,아동) 카카오프렌즈 콜라보 7부티,15900,19900,20
132,쿨데이 브이넥 반팔티 (OWT),9900,19000,47
133,공용 오가닉 솔리드 반팔 티셔츠,4900,9900,50
134,여아) 7부 티셔츠,12900,15900,18
135,아동) 오가닉테리 집업,15900,39900,60
136,공용) 오가닉 코튼 크루넥 긴팔 티,9900,19900,50
137,공용) 슬럽 그래픽 반팔 티,7900,19900,60
138,여성) 슬럽 크루넥 반팔 티,7900,12900,38
139,아동) 라글란 7부티,9900,12900,23
140,친환경 오가닉 반팔 티셔츠,3900,9900,60
141,퀵드라이 폰테 그래픽 오버핏 반팔 티,7900,29900,73
142,여아) 코튼슬럽 그래픽 티셔츠,7900,12900,38
143,공용) 오가닉 코튼 크루넥 반팔 티,9900,12900,23
144,공용) 슬럽 크루넥 반팔 티,7900,12900,38
145,아동) 라글란 7부티,9900,12900,23
146,퀵드라이 폰테 그래픽 오버핏 반팔 티,7900,29900,73
147,아동) 카카오프렌즈 콜라보 7부티,15900,19900,20
148,쿨데이 라운드 반팔티 (OWT),9900,19000,47
149,유니버스)초코어 콜라보 와펜 반팔티,19000,59000,67
150,공용) 오가닉 코튼 크루넥 긴팔 티,9900,19900,50
151,여성) 오가닉 코튼 크루넥 반팔 티,9900,12900,23
152,아동) 라글란 7부티,9900,12900,23
153,아동) 오가닉테리 집업,15900,39900,60
154,아동) 라글란 7부티,9900,12900,23
155,공용) 슬럽 브이넥 반팔 티,7900,12900,38
156,여성) 오가닉 코튼 크루넥 긴팔 티,9900,19900,50
157,공용) 오가닉 코튼 크루넥 긴팔 티,9900,19900,50
158,공용 쿨테리 포켓 맨투맨 ,14900,39900,62
159,아동) 스트라이프 티셔츠,12900,19900,35
160,여성)쿨텐션 코숏 콜라보 크루넥 티셔츠,24900,49900,50
161,여성) 오가닉 코튼 브이넥 반팔 티,9900,12900,23
162,아동) 스트라이프 7부티,15900,19900,20
163,공용) 슬럽 크루넥 반팔 티,7900,12900,38
164,공용) 카카오프렌즈 콜라보 반팔 티,7900,19900,60
165,퀵드라이 폰테 그래픽 오버핏 반팔 티,7900,29900,73
166,여아) 코튼싱글 레터링 티셔츠,7900,12900,38
167,공용) 오가닉 코튼 크루넥 반팔 티,9900,12900,23
168,공용 쿨테리 포켓 맨투맨 ,14900,39900,62
169,원마일웨어 그래픽 반팔 티셔츠,16900,39900,57
170,남아) 코튼슬럽 그래픽 반팔티,7900,12900,38
171,아동) 스트라이프 티셔츠,12900,19900,35
172,여성) 오가닉 코튼 크루넥 긴팔 티,9900,19900,50
173,공용) 슬럽 크루넥 반팔 티,7900,12900,38
174,공용 코튼 라글란 7부 티셔츠,8900,19900,55
175,친환경 오가닉 반팔 티셔츠,3900,9900,60
176,쿨에어 브이넥 반팔 티,6900,12900,46
177,쿨에어 크루넥 반팔 티,6900,12900,46
178,공용) 슬럽 크루넥 반팔 티,7900,12900,38
179,공용) 슬럽 브이넥 반팔 티,7900,12900,38
180,남성) 쿨에어 크루넥 반팔 티,12900,0,0
181,공용) 슬럽 크루넥 반팔 티,7900,12900,38
182,아동) 스트라이프 7부티,15900,19900,20
183,친환경 오가닉 반팔 티셔츠,3900,9900,60
184,공용) 슬럽 크루넥 반팔 티,7900,12900,38
185,쿨에어 크루넥 반팔 티,6900,12900,46
186,퀵드라이 폰테 포켓 반팔 티,7900,29900,73
187,쿨스킨 매쉬 베이직 민소매 티셔츠,4900,12900,62
188,남성) 쿨에어 크루넥 반팔 티,12900,0,0
189,쿨텐션 슬릿넥 반팔 티셔츠,16900,39900,57
190,공용) 오가닉 코튼 브이넥 반팔 티,9900,12900,23
191,공용 쿨테리 포켓 맨투맨 ,14900,39900,62
192,아동) 스트라이프 티셔츠,12900,19900,35
193,공용) 슬럽 그래픽 반팔 티,7900,19900,60
194,퀵드라이 폰테 포켓 반팔 티,7900,29900,73
195,여성) 더투어 오버핏 반팔 그래픽티,15000,29900,49
196,공용) 슬럽 크루넥 반팔 티,7900,12900,38
197,어위크 코튼 티셔츠,19900,29000,31
198,공용) 오가닉 코튼 크루넥 반팔 티,9900,12900,23
199,공용) 슬럽 크루넥 반팔 티,7900,12900,38
200,공용) 슬럽 크루넥 반팔 티,7900,12900,38
201,여성) 콜라보 반팔 티 (디즈니),19900,0,0
202,퀵드라이 폰테 그래픽 오버핏 반팔 티,7900,29900,73
203,남아) 코튼싱글 그래픽 7부티,15900,0,0
204,여아) 코튼싱글 레터링 티셔츠,7900,12900,38
205,공용) 카카오프렌즈 콜라보 반팔 티,19900,0,0
206,여성) 순면 소프트 라운드넥 티셔츠,10000,19900,49
207,공용) 튜블러 티셔츠 5팩,29900,39900,25
208,클라운 콜라보 힐링 반팔 티셔츠,29000,59000,50
209,공용) 코튼 그래픽 반팔 티,7900,19900,60
210,공용 쿨테리 포켓 맨투맨 ,14900,39900,62
211,공용) C/P 피케 카라 티셔츠,9900,19900,50
212,여성) 쿨에어 반팔 티,6900,12900,46
213,공용) 오가닉 코튼 브이넥 긴팔 티,9900,19900,50
214,공용) 디즈니 콜라보 반팔 티,7900,19900,60
215,아동) 스트라이프 7부티,15900,19900,20
216,+5cm 반팔 레이어드티셔츠,14940,24900,40
217,여아) 코튼슬럽 그래픽 티셔츠,7900,12900,38
218,WML 컬러 그래픽 반팔티셔츠,19900,49000,59
219,심플 그래픽 반팔 티셔츠,6900,19900,65
220,여성)쿨텐션 코숏 콜라보 크루넥 티셔츠,24900,49900,50
221,공용) 오가닉 코튼 크루넥 반팔 티,9900,12900,23
222,여아 입체 그래픽 반팔 티셔츠,7900,24900,68
223,공용) 소프트 폴로 티셔츠,12900,29900,56
224,퀵드라이 폰테 그래픽 오버핏 반팔 티,7900,29900,73
225,남아) 입체그래픽 반팔티,7900,19900,60
226,여아) 코튼슬럽 그래픽 티셔츠,7900,12900,38
227,쿨텐션 슬릿넥 반팔 티셔츠,16900,39900,57
228,원마일웨어 그래픽 반팔 티셔츠,16900,39900,57
229,아동) 스트라이프 반팔티,15900,0,0
230,유니버스)초코어 콜라보 와펜 반팔티,19000,59000,67
231,여성) 오가닉 코튼 크루넥 긴팔 티,9900,19900,50
232,공용 쿨테리 포켓 맨투맨 ,14900,39900,62
233,공용) 소프트 폴로 티셔츠,12900,29900,56
234,공용) 오가닉 코튼 브이넥 반팔 티,9900,12900,23
235,보더 스트라이프 반팔 티셔츠,7900,19900,60
236,쿨데이 라운드 반팔티 (BK),9900,19000,47
237,유니버스)초코어 콜라보 와펜 반팔티,19000,59000,67
238,아동) 스트라이프 반팔티,15900,0,0
239,여성) 코튼 반팔 그래픽 티(더투어),12900,29900,56
240,공용) 오가닉 코튼 브이넥 반팔 티,9900,12900,23
241,여성) 오가닉 코튼 브이넥 반팔 티,9900,12900,23
242,여성) 슬럽 크루넥 반팔 티,7900,12900,38
243,남아) 코튼싱글 그래픽 7부티,15900,0,0
244,공용) 디즈니 콜라보 반팔 티,7900,19900,60
245,여성) 싱글 크루넥 워딩 반팔 티,7900,15900,50
246,남아) 코튼싱글 그래픽 7부티,15900,0,0
247,친환경 오가닉 반팔 티셔츠,3900,9900,60
248,공용) 코튼 그래픽 반팔 티,7900,19900,60
249,와플 반팔 티,9900,29900,66
250,여아) 코튼싱글 그래픽 반팔티,15900,0,0
251,여아) 코튼싱글 레터링 티셔츠,7900,12900,38
252,머신 워셔블 슬릿 카라 티셔츠,29000,139900,79
253,공용 코튼 라글란 7부 티셔츠,8900,19900,55
254,코튼 포켓 7부 티셔츠,9900,19900,50
255,공용) 소프트 폴로 티셔츠,12900,29900,56
256,공용) 소프트 폴로 티셔츠,12900,29900,56
257,여아) 코튼싱글 그래픽 반팔티,15900,0,0
258,공용) C/P 피케 카라 티셔츠,9900,19900,50
259,공용) 슬럽 크루넥 반팔 티,7900,12900,38
260,공용) 슬럽 그래픽 반팔 티,7900,19900,60
261,스트라이프 포켓 반팔 티셔츠,6900,19900,65
262,원마일웨어 그래픽 반팔 티셔츠,16900,39900,57
263,공용 코튼 라글란 7부 티셔츠,8900,19900,55
264,남성) 면 텍스쳐드 긴팔티,9900,39900,75
265,여성) 오가닉 코튼 크루넥 반팔 티,9900,12900,23
266,WML 컬러 그래픽 반팔티셔츠,19900,49000,59
267,친환경 오가닉 반팔 티셔츠,3900,9900,60
268,공용) USA 코튼 그래픽 반팔 티 (멸종위기동물),19900,0,0
269,남아) 코튼슬럽 그래픽 반팔티,7900,12900,38
270,스트라이프 포켓 반팔 티셔츠,6900,19900,65
271,리플 카라넥 티셔츠,19900,108000,81
272,공용) 오가닉 코튼 브이넥 긴팔 티,9900,19900,50
273,와플 반팔 티,9900,29900,66
274,아동) 오가닉테리 집업,15900,39900,60
275,분또 절개 변형넥 티셔츠 ,19900,79000,74
276,여아 입체 그래픽 반팔 티셔츠,7900,24900,68
277,여성)쿨텐션 코숏 콜라보 크루넥 티셔츠,24900,49900,50
278,남아) 코튼슬럽 그래픽 반팔티,7900,12900,38
279,남아) 코튼슬럽 그래픽 반팔티,7900,12900,38
280,친환경 오가닉 반팔 티셔츠,3900,9900,60
281,여아) 코튼싱글 레터링 반팔티,15900,0,0
282,보더 스트라이프 반팔 티셔츠,7900,19900,60
283,USA코튼 포켓 반팔 티셔츠,16900,49900,66
284,공용) C/P 피케 카라 티셔츠,9900,19900,50
285,공용 코튼 포켓 캠핑 자수 반팔티,12450,24900,50
286,공용 코튼 포켓 캠핑 자수 반팔티,12450,24900,50
287,여성) 오가닉 코튼 크루넥 반팔 티,9900,12900,23
288,올리버 그래픽 코튼 반팔 티셔츠,29900,39000,23
289,쿨텐션 슬릿넥 반팔 티셔츠,16900,39900,57
290,쿨 앤 컴포트 린넨 카라 티셔츠,19900,108000,81
291,올리버 포켓 롱슬리브,15900,79000,79
292,남성) 쿨에어 심리스 브이넥 반팔 티,12900,0,0
293,공용) 디즈니 콜라보 반팔 티,7900,19900,60
294,여성) 슬럽 크루넥 반팔 티,7900,12900,38
295,퀵드라이 폰테 포켓 반팔 티,7900,29900,73
296,여성) 순면 소프트 라운드넥 티셔츠,10000,19900,49
297,올리버 그래픽 맨투맨,19900,98000,79
298,여성) 슬럽 크루넥 반팔 티,9900,12900,23
299,보더 스트라이프 반팔 티셔츠,7900,19900,60
300,리플 카라넥 티셔츠,19900,108000,81
301,컬러 오가닉 반팔 티셔츠,4500,9900,54
302,친환경 오가닉 반팔 티셔츠,3900,9900,60
303,친환경 오가닉 반팔 티셔츠,3900,9900,60
304,남성) BALANCE 에코쿨링 긴팔 티(소로나),15900,29900,46
305,공용) 슬럽 그래픽 반팔 티,7900,19900,60
306,솔리드 포켓 오버핏 반팔 티셔츠,6900,29900,76
307,공용) 소프트 폴로 티셔츠,12900,29900,56
308,공용) C/P 피케 카라 티셔츠,9900,19900,50
309,여성) 오가닉 코튼 크루넥 반팔 티,9900,12900,23
310,여성) 쿨에어 반팔 티,6900,12900,46
311,공용 코튼 라글란 7부 티셔츠,8900,19900,55
312,코튼 포켓 7부 티셔츠,9900,19900,50
313,여성) 콜라보 반팔 티 (디즈니),19900,0,0
314,공용) 카카오프렌즈 콜라보 반팔 티,7900,19900,60
315,BALANCE 그래픽 반팔 티,7900,19900,60
316,친환경 오가닉 반팔 티셔츠,3900,9900,60
317,여성) 슬럽 크루넥 반팔 티,7900,12900,38
318,어위크 코튼 티셔츠,19900,29000,31
319,공용 오가닉 솔리드 반팔 티셔츠,4900,9900,50
320,원마일웨어 그래픽 반팔 티셔츠,16900,39900,57
321,여아 입체 그래픽 반팔 티셔츠,7900,24900,68
322,리사이클 폴리 플라워 캠페인 티셔츠,14900,49900,70
323,남성) 퀵드라이 폰테 슬릿넥 긴팔 티,9900,39900,75
324,공용) 슬럽 브이넥 반팔 티,7900,12900,38
325,여성) 슬럽 브이넥 반팔 티,7900,12900,38
326,여성) 그래픽 긴팔 티,9900,19900,50
327,여아) 코튼슬럽 그래픽 티셔츠,7900,12900,38
328,USA코튼 포켓 반팔 티셔츠,16900,49900,66
329,쿨텐션 슬릿넥 반팔 티셔츠,16900,39900,57
330,데일리 슬릿넥 반팔 티셔츠,19900,79000,74
331,여성)쿨텐션 코숏 콜라보 크루넥 티셔츠,24900,49900,50
332,공용) C/P 피케 카라 티셔츠,9900,19900,50
333,여성) 더투어 오버핏 반팔 그래픽티,15000,29900,49
334,여성) 오가닉 코튼 크루넥 긴팔 티,9900,19900,50
335,공용) 슬럽 그래픽 반팔 티,7900,19900,60
336,여아) 코튼슬럽 그래픽 반팔티,15900,0,0
337,공용 코튼 라글란 7부 티셔츠,8900,19900,55
338,코튼 포켓 7부 티셔츠,9900,19900,50
339,공용) 오가닉 코튼 크루넥 긴팔 티,9900,19900,50
340,여성) 오가닉 코튼 크루넥 반팔 티,9900,12900,23
341,20수 코튼 오버핏 반팔 티,7900,15900,50
342,여아) 코튼슬럽 그래픽 반팔티,15900,0,0
343,스트라이프 포켓 반팔 티셔츠,6900,19900,65
344,WML 컬러 그래픽 반팔티셔츠,19900,49000,59
345,리사이클 폴리 플라워 캠페인 티셔츠,14900,49900,70
346,여성) 오가닉 코튼 크루넥 반팔 티,9900,12900,23
347,리플 카라넥 티셔츠,19900,108000,81
348,클라운 콜라보 힐링 반팔 티셔츠,29000,59000,50
349,리사이클 폴리 플라워 캠페인 티셔츠,14900,49900,70
350,여성) BALANCE 에코쿨링 반팔 티 (루즈핏),15900,19900,20
351,남성) BALANCE 에코쿨링 반팔 티,15900,19900,20
352,남성) BALANCE 에코쿨링 반팔 티,15900,19900,20
353,BALANCE 그래픽 반팔 티,7900,19900,60
354,올리버 그래픽 코튼 반팔 티셔츠,29900,39000,23
355,유니버스)로고 그래픽 반팔티,29000,69000,57
356,여성) 슬럽 브이넥 반팔 티,7900,12900,38
357,공용) C/P 피케 카라 티셔츠,9900,19900,50
358,여성) 슬럽 크루넥 반팔 티,7900,12900,38
359,어위크 코튼 티셔츠,19900,29000,31
360,쿨 앤 컴포트 린넨 카라 티셔츠,19900,108000,81
361,공용 코튼 포켓 캠핑 자수 반팔티,12450,24900,50
362,여성) BALANCE 에코쿨링 반팔 티 (루즈핏),15900,19900,20
363,공용) 오가닉 코튼 브이넥 반팔 티,9900,12900,23
364,공용) 슬럽 그래픽 반팔 티,7900,19900,60
365,공용) 코튼 그래픽 반팔 티,7900,19900,60
366,여성) 슬럽 크루넥 반팔 티,7900,12900,38
367,퀵드라이 폰테 포켓 반팔 티,7900,29900,73
368,여아) 코튼싱글 그래픽 반팔티,15900,0,0
369,여아) 코튼싱글 레터링 반팔티,15900,0,0
370,어위크 코튼 티셔츠,19900,29000,31
371,공용 오가닉 코튼 그래픽 반팔 티셔츠,5900,19900,70
372,쿨텐션 포켓 반팔 티셔츠,16900,39900,57
373,클라운 콜라보 힐링 반팔 티셔츠,29000,59000,50
374,여성) 오가닉 코튼 크루넥 반팔 티,9900,12900,23
375,여성) 콜라보 반팔 티 (디즈니),19900,0,0
376,남성) 코튼 크루넥 그래픽 긴팔 티,7900,29900,73
377,공용) 슬럽 브이넥 반팔 티,7900,12900,38
378,퀵드라이 폰테 그래픽 오버핏 반팔 티,7900,29900,73
379,아동) 스트라이프 반팔티,15900,0,0
380,여아) 코튼싱글 그래픽 반팔티,15900,0,0
381,여아) 코튼싱글 레터링 반팔티,15900,0,0
382,아동) 오가닉테리 집업,15900,39900,60
383,아이스 쿨 카라 반팔티셔츠,39900,99000,59
384,올리버 포켓 롱슬리브,15900,79000,79
385,남아) 코튼싱글 그래픽 7부티,15900,0,0
386,여성) 순면 소프트 라운드넥 티셔츠,10000,19900,49
387,여성)쿨텐션 코숏 콜라보 크루넥 티셔츠,24900,49900,50
388,클라운 콜라보 힐링 반팔 티셔츠,29000,59000,50
389,공용) 디즈니 콜라보 반팔 티,7900,19900,60
390,공용) 카카오프렌즈 콜라보 반팔 티,7900,19900,60
391,아동) 스트라이프 반팔티,15900,0,0
392,공용 쿨테리 포켓 맨투맨 ,14900,39900,62
393,어위크 코튼 티셔츠,19900,29000,31
394,여성 면100 그래픽 반팔 티셔츠,5900,19900,70
395,WML 컬러 그래픽 반팔티셔츠,19900,49000,59
396,포켓 크루넥 반팔 티셔츠,20900,79000,73
397,리플 카라넥 티셔츠,19900,108000,81
398,컬러 오가닉 반팔 티셔츠,4500,9900,54
399,심플 그래픽 반팔 티셔츠,6900,19900,65
400,아동) 스트라이프 7부티,7900,15900,50
401,여아 쿨텐션 반팔 후드티 ,24900,29900,16
402,공용) 오가닉 코튼 브이넥 긴팔 티,9900,19900,50
403,남성) BALANCE 에어매쉬 베이직 반팔 티,15900,19900,20
404,남성) 퀵드라이 폰테 슬릿넥 긴팔 티,9900,39900,75
405,공용) 코튼 그래픽 반팔 티,7900,19900,60
406,공용) 디즈니 콜라보 반팔 티,7900,19900,60
407,여성) 코튼 롱기장 루즈핏 반팔 티,7900,15900,50
408,남아) 입체그래픽 반팔티,7900,19900,60
409,어위크 코튼 티셔츠,19900,29000,31
410,여성) 순면 소프트 라운드넥 티셔츠,10000,19900,49
411,공용 부루마불 콜라보 그래픽 반팔 티셔츠,5900,19900,70
412,코튼 호놀룰루 그래픽 오버핏 반팔 티셔츠,4900,29900,83
413,여아) 코튼슬럽 그래픽 티셔츠,7900,12900,38
414,쿨텐션 슬릿넥 반팔 티셔츠,16900,39900,57
415,WML 컬러 그래픽 반팔티셔츠,19900,49000,59
416,클라운 콜라보 힐링 반팔 티셔츠,29000,59000,50
417,공용) USA 코튼 그래픽 반팔 티 (멸종위기동물),19900,0,0
418,여성) 레이어드 긴팔 티(루즈핏),9900,19900,50
419,여성) 슬럽 브이넥 반팔 티,7900,12900,38
420,퀵드라이 폰테 포켓 반팔 티,7900,29900,73
421,아동) 스트라이프 반팔티,15900,0,0
422,올리버 스트라이프 코튼 반팔 티셔츠,29900,39000,23
423,여성 코튼 모달 긴팔 티셔츠,4900,19900,75
424,내츄럴 컴포트 카라 티셔츠,19900,98000,79
425,코튼 포켓 7부 티셔츠,9900,19900,50
426,심플 그래픽 반팔 티셔츠,6900,19900,65
427,여성) 코튼 스트라이프 긴팔티,10000,29900,66
428,공용) 오가닉 코튼 브이넥 긴팔 티,9900,19900,50
429,공용) 디즈니 콜라보 반팔 티,7900,19900,60
430,여성) 슬럽 크루넥 반팔 티,7900,12900,38
431,아동) 스트라이프 반팔티,15900,0,0
432,여아) 코튼싱글 레터링 반팔티,15900,0,0
433,코튼 트래블 2+1팩(반팔티+반바지),14900,39900,62
434,오버핏 스웨트 후드 집업,39900,79900,50
435,클라운 콜라보 데일리 티셔츠,39000,79000,50
436,데일리 슬릿넥 반팔 티셔츠,19900,79000,74
437,공용) C/P 피케 카라 티셔츠,9900,19900,50
438,올리버 포켓 롱슬리브,15900,79000,79
439,공용) 카카오프렌즈 콜라보 반팔 티,19900,0,0
440,남성) 퀵드라이 폰테 슬릿넥 긴팔 티,9900,39900,75
441,미니 자수 코튼 반팔 티셔츠,29900,79000,62
442,쿨텐션 슬릿넥 반팔 티셔츠,16900,39900,57
443,WML 컬러 그래픽 반팔티셔츠,19900,49000,59
444,WML 코튼 반팔티셔츠,19900,59000,66
445,코튼 포켓 7부 티셔츠,9900,19900,50
446,공용 코튼 포켓 캠핑 자수 반팔티,12450,24900,50
447,남성) 면 텍스쳐드 긴팔티,9900,39900,75
448,여성) 오가닉 코튼 크루넥 긴팔 티,9900,19900,50
449,여성) BALANCE 퀵드라이 메쉬 반팔 티,15900,19900,20
450,공용) 슬럽 브이넥 반팔 티,7900,12900,38
451,여성) 슬럽 브이넥 반팔 티,7900,12900,38
452,와플 반팔 티,9900,29900,66
453,여아) 테리 후드풀오버,9900,35900,72
454,클라운 콜라보 데일리 티셔츠,39000,79000,50
455,USA코튼 포켓 반팔 티셔츠,16900,49900,66
456,USA코튼 포켓 반팔 티셔츠,16900,49900,66
457,WML 컬러 그래픽 반팔티셔츠,19900,49000,59
458,공용 코튼 라글란 7부 티셔츠,8900,19900,55
459,공용) 쿨텐션 코숏 티셔츠,24900,49900,50
460,공용) 쿨텐션 코숏 티셔츠,24900,49900,50
461,그레타프리든 콜라보 테리 후드 티셔츠,22900,89900,74
462,공용) 더투어 크루넥티,12900,29900,56
463,공용)쿨텐션 코숏 콜라보 스트라이프티,19900,49900,60
464,여성) BALANCE 에코쿨링 반팔 티 (루즈핏),15900,19900,20
465,남성) 퀵드라이 폰테 슬릿넥 긴팔 티,9900,39900,75
466,공용) 슬럽 브이넥 반팔 티,7900,12900,38
467,와플 반팔 티,9900,29900,66
468,아동) 오가닉테리 집업,15900,39900,60
469,코튼 호놀룰루 그래픽 오버핏 반팔 티셔츠,4900,29900,83
470,쿨텐션 포켓 반팔 티셔츠,16900,39900,57
471,쿨 앤 컴포트 린넨 카라 티셔츠,19900,108000,81
472,리사이클 폴리 플라워 캠페인 티셔츠,14900,49900,70
473,쿨테리 솔리드 맨투맨,7900,29900,73
474,여성) 코튼 스트라이프 긴팔티,10000,29900,66
475,공용) 코튼 그래픽 반팔 티,7900,19900,60
476,여아) 코튼슬럽 그래픽 반팔티,15900,0,0
477,남아) 입체그래픽 반팔티,7900,19900,60
478,여아) 테리 후드풀오버,9900,35900,72
479,여성) 순면 소프트 라운드넥 티셔츠,10000,19900,49
480,내츄럴 컴포트 자수 반팔티셔츠,19900,98000,79
481,WML 컬러 그래픽 반팔티셔츠,19900,49000,59
482,아이스 쿨 카라 반팔티셔츠,39900,99000,59
483,그레타프리든 콜라보 테리 후드 티셔츠,22900,89900,74
484,올리버 그래픽 맨투맨,19900,98000,79
485,남성) 쿨에어 브이넥 반팔 티,12900,0,0
486,공용) USA 코튼 그래픽 반팔 티 (레터링),19900,0,0
487,공용) 카카오프렌즈 콜라보 반팔 티,19900,0,0
488,공용) 슬럽 크루넥 반팔 티,7900,12900,38
489,공용) 오가닉 코튼 크루넥 반팔 티,7900,12900,38
490,공용) 조인혁 콜라보 반팔 티,7900,19900,60
491,여아) 코튼싱글 그래픽 반팔티,15900,0,0
492,코튼 트래블 2+1팩(반팔티+반바지),14900,39900,62
493,올리버 그래픽 코튼 반팔 티셔츠,29900,39000,23
494,스트라이프 포켓 반팔 티셔츠,6900,19900,65
495,공용 부루마불 콜라보 그래픽 반팔 티셔츠,5900,19900,70
496,코튼 호놀룰루 그래픽 오버핏 반팔 티셔츠,4900,29900,83
497,클라운 콜라보 데일리 티셔츠,39000,79000,50
498,데일리 슬릿넥 반팔 티셔츠,19900,79000,74
499,코튼 포켓 7부 티셔츠,9900,19900,50
500,공용) 더투어 크루넥티,12900,29900,56
501,공용) 슬럽 그래픽 반팔 티,7900,19900,60
502,여성) 코튼 롱기장 루즈핏 반팔 티,7900,15900,50
503,퀵드라이 폰테 포켓 반팔 티,7900,29900,73
504,아동) 오가닉코튼 레인보우 반팔티,4900,9900,50
505,여아 워딩 그래픽 롱 맨투맨 ,13900,29900,53
506,보더 스트라이프 반팔 티셔츠,7900,19900,60
507,내츄럴 컴포트 자수 반팔티셔츠,19900,98000,79
508,컬러 오가닉 반팔 티셔츠,4500,9900,54
509,심플 그래픽 반팔 티셔츠,6900,19900,65
510,심플 그래픽 반팔 티셔츠,6900,19900,65
511,지구보호 애니멀 와펜 스트라이프 티셔츠,14900,59900,75
512,쿨데이 브이넥 반팔티 (BK),9900,19000,47
513,남성) BALANCE 에코쿨링 반팔 티,15900,19900,20
514,여성) 슬럽 크루넥 반팔 티,9900,12900,23
515,여성) USA 코튼 그래픽 반팔 티,19900,0,0
516,여성) 슬럽 브이넥 반팔 티,7900,12900,38
517,여성) 슬럽 브이넥 반팔 티,7900,12900,38
518,공용) 코튼 그래픽 반팔 티,7900,19900,60
519,여성 면100 그래픽 반팔 티셔츠,5900,19900,70
520,여아) 코튼슬럽 그래픽 티셔츠,7900,12900,38
521,쿨텐션 슬릿넥 반팔 티셔츠,16900,39900,57
522,여아 입체 그래픽 반팔 티셔츠,7900,24900,68
523,친환경 오가닉 반팔 티셔츠,3900,9900,60
524,여성 쿨테리 오버핏 반팔 티셔츠,7900,39900,80
525,공용) C/P 피케 카라 티셔츠,9900,19900,50
526,여성) 콜라보 반팔 티 (디즈니),19900,0,0
527,공용) 조인혁 콜라보 반팔 티,7900,19900,60
528,아동) 오가닉테리 집업,15900,39900,60
529,공용 쿨테리 라벨 패치 후드 반팔 티셔츠,12900,39900,67
530,아동) 피케 티셔츠,19900,0,0
531,쿨텐션 포켓 반팔 티셔츠,16900,39900,57
532,친환경 오가닉 반팔 티셔츠,3900,9900,60
533,클라운 콜라보 힐링 반팔 티셔츠,29000,59000,50
534,데일리 버튼 카라 반팔티셔츠,19900,89000,77
535,여성) 더투어 오버핏 반팔 그래픽티,15000,29900,49
536,여성) BALANCE 에코쿨링 반팔 티 (루즈핏),15900,19900,20
537,여성) 오가닉 코튼 브이넥 반팔 티,9900,12900,23
538,여성) 오가닉 코튼 브이넥 반팔 티,9900,12900,23
539,공용) USA 코튼 그래픽 반팔 티 (멸종위기동물),19900,0,0
540,공용) 카카오프렌즈 콜라보 반팔 티,7900,19900,60
541,공용 부루마불 콜라보 그래픽 반팔 티셔츠,5900,19900,70
542,아이스 쿨 카라 반팔티셔츠,39900,99000,59
543,컬러 오가닉 반팔 티셔츠,4500,9900,54
544,친환경 오가닉 반팔 티셔츠,3900,9900,60
545,클라운 콜라보 힐링 반팔 티셔츠,29000,59000,50
546,아동) 스트라이프 7부티,7900,15900,50
547,남아 워딩 그래픽 후드티,16900,39900,57
548,공용) 더투어 크루넥티,12900,29900,56
549,공용) 코튼 스트라이프 긴팔 티,9900,19900,50
550,남성) BALANCE 에코쿨링 긴팔 티(소로나),15900,29900,46
551,여성) 쿨에어 코튼 반팔 티 (루즈핏),19900,0,0
552,남성) 코튼 크루넥 그래픽 긴팔 티,7900,29900,73
553,공용) 코튼 그래픽 반팔 티,7900,19900,60
554,남아) 입체그래픽 반팔티,7900,19900,60
555,아동) 오가닉테리 집업,15900,39900,60
556,어위크 코튼 티셔츠,19900,29000,31
557,리플 카라넥 티셔츠,19900,108000,81
558,여성) 코튼 반팔 그래픽 티(더투어),12900,29900,56
559,여성) USA 코튼 그래픽 반팔 티,19900,0,0
560,여성) USA 코튼 그래픽 반팔 티,19900,0,0
561,여성) 슬럽 브이넥 반팔 티,7900,12900,38
562,공용) 디즈니 콜라보 반팔 티,7900,19900,60
563,여성) 코튼 롱기장 루즈핏 반팔 티,7900,15900,50
564,남아 소매 블록 맨투맨,13900,34900,60
565,솔리드 단가라 반팔티셔츠,5900,19900,70
566,여아) 코튼싱글 레터링 티셔츠,7900,12900,38
567,WML 코튼 반팔티셔츠,19900,59000,66
568,포켓 크루넥 반팔 티셔츠,20900,79000,73
569,여아 레터링 그래픽 티셔츠,6900,19900,65
570,친환경 오가닉 반팔 티셔츠,3900,9900,60
571,클라운 콜라보 힐링 반팔 티셔츠,29000,59000,50
572,유니버스)로고 그래픽 반팔티,29000,69000,57
573,공용) 더투어 크루넥티,12900,29900,56
574,여성) BALANCE 에코쿨링 반팔 티 (루즈핏),15900,19900,20
575,여성) 슬럽 브이넥 반팔 티,9900,12900,23
576,여성) 레이어드 긴팔 티(루즈핏),9900,19900,50
577,남성) 코튼 크루넥 그래픽 긴팔 티,7900,29900,73
578,공용) USA 코튼 그래픽 반팔 티,7900,19900,60
579,여성) 츄팝춥스 콜라보 반팔 티,7900,19900,60
580,BALANCE 그래픽 반팔 티,7900,19900,60
581,REALIZED 백프린트 오버핏 후드티,25000,162000,84
582,쿨 앤 컴포트 린넨 카라 티셔츠,19900,108000,81
583,친환경 오가닉 반팔 티셔츠,3900,9900,60
584,데일리 버튼 카라 반팔티셔츠,19900,89000,77
585,올리버 그래픽 맨투맨,19900,98000,79
586,남아 워딩 그래픽 후드티,16900,39900,57
587,여성) 코튼 반팔 그래픽 티(더투어),12900,29900,56
588,여성) 오가닉 코튼 브이넥 반팔 티,9900,12900,23
589,공용) 카카오프렌즈 콜라보 반팔 티,19900,0,0
590,여성) 츄파춥스 콜라보 반팔 티,7900,19900,60
591,와플 반팔 티,9900,29900,66
592,남아) 입체그래픽 반팔티,7900,19900,60
593,미니 자수 코튼 반팔 티셔츠,29900,79000,62
594,올리버 스트라이프 코튼 반팔 티셔츠,29900,39000,23
595,여성 포켓 세미 크롭 반팔 티셔츠,4900,19900,75
596,공용 오가닉 코튼 티셔츠 4PACK,29900,39900,25
597,WML 코튼 반팔티셔츠,19900,59000,66
598,공용) 쿨텐션 코숏 티셔츠,24900,49900,50
599,그레타프리든 콜라보 테리 후드 티셔츠,22900,89900,74
600,공용) 더투어 크루넥티,12900,29900,56
601,여성) 코튼 반팔 그래픽 티(더투어),12900,29900,56
602,남성) BALANCE 그래픽 반팔 티,15900,19900,20
603,남성) BALANCE 에코쿨링 긴팔 티(소로나),15900,29900,46
604,여성) 쿨에어 반팔 티,12900,0,0
605,여성) 슬럽 브이넥 반팔 티,9900,12900,23
606,공용) USA 코튼 그래픽 반팔 티 (멸종위기동물),19900,0,0
607,공용) 카카오프렌즈 콜라보 반팔 티,19900,0,0
608,여성) 그래픽 긴팔 티,9900,19900,50
609,남성) 텍스쳐드 크루넥 긴팔 티,7900,29900,73
610,남성) 텍스쳐드 크루넥 긴팔 티,7900,29900,73
611,공용) 카카오프렌즈 콜라보 반팔 티,7900,19900,60
612,여성) 싱글 크루넥 워딩 반팔 티,7900,15900,50
613,퀵드라이 폰테 포켓 반팔 티,7900,29900,73
614,여아) 코튼싱글 레터링 티셔츠,7900,12900,38
615,쿨텐션 포켓 반팔 티셔츠,16900,39900,57
616,WML 코튼 반팔티셔츠,19900,59000,66
617,데일리 슬릿넥 반팔 티셔츠,19900,79000,74
618,수피마 슬럽 라운드 반팔 티셔츠 ,12900,59000,78
619,친환경 오가닉 반팔 티셔츠,3900,9900,60
620,공용 )쿨텐션 솔리드 반팔티,19900,39900,50
621,올리버 그래픽 맨투맨,19900,98000,79
622,여아 쿨텐션 반팔 후드티 ,24900,29900,16
623,남성) 쿨에어 브이넥 반팔 티,12900,0,0
624,공용) USA 코튼 그래픽 반팔 티 (바캉스),19900,0,0
625,여성) 립 긴팔 티,9900,19900,50
626,공용) 오가닉 코튼 크루넥 반팔 티,7900,12900,38
627,공용) 조인혁 콜라보 반팔 티,7900,19900,60
628,여성) 싱글 크루넥 워딩 반팔 티,7900,15900,50
629,여아) 코튼슬럽 그래픽 반팔티,15900,0,0
630,여아) 테리 후드풀오버,9900,35900,72
631,솔리드 코튼 슬럽 티셔츠,5900,19900,70
632,솔리드 코튼 슬럽 티셔츠,5900,19900,70
633,WML 코튼 반팔티셔츠,19900,59000,66
634,친환경 오가닉 반팔 티셔츠,3900,9900,60
635,공용) C/P 피케 카라 티셔츠,9900,19900,50
636,아동) 스트라이프 7부티,7900,15900,50
637,공용 코튼 포켓 캠핑 자수 반팔티,12450,24900,50
638,여성) 쿨에어 코튼 크롭 반팔 티 (루즈핏),19900,0,0
639,여성) 콜라보 반팔 티 (디즈니),19900,0,0
640,공용) 조인혁 콜라보 반팔 티,7900,19900,60
641,여성) 슬럽 크루넥 반팔 티,7900,12900,38
642,여성) 슬럽 크루넥 반팔 티,7900,12900,38
643,여성) 슬럽 크루넥 반팔 티,7900,12900,38
644,20수 코튼 오버핏 반팔 티,7900,15900,50
645,올리버 레터링 코튼 반팔 티셔츠,29900,39000,23
646,라글란 7부 티셔츠,6900,14900,53
647,쿨텐션 슬릿넥 반팔 티셔츠,16900,39900,57
648,WML 컬러 그래픽 반팔티셔츠,19900,49000,59
649,수피마 슬럽 라운드 반팔 티셔츠 ,12900,59000,78
650,쿨스킨 매쉬 베이직 민소매 티셔츠,4900,12900,62
651,데일리 버튼 카라 반팔티셔츠,19900,89000,77
652,여성) BALANCE 에코쿨링 긴팔 티 (루즈핏),15900,29900,46
653,남성) BALANCE 에코쿨링 반팔 티,15900,19900,20
654,공용) 카카오프렌즈 콜라보 반팔 티,19900,0,0
655,여성) 콜라보 반팔 티 (디즈니),19900,0,0
656,여성) 그래픽 긴팔 티,9900,19900,50
657,남성) 코튼 크루넥 그래픽 긴팔 티,7900,29900,73
658,공용) USA 코튼 그래픽 반팔 티,7900,19900,60
659,공용) 카카오프렌즈 콜라보 반팔 티,7900,19900,60
660,여성) 싱글 크루넥 워딩 반팔 티,7900,15900,50
661,여아) 코튼싱글 그래픽 반팔티,15900,0,0
662,라글란 7부 티셔츠,6900,14900,53
663,WML 코튼 반팔티셔츠,19900,59000,66
664,아이스 쿨 카라 반팔티셔츠,39900,99000,59
665,공용) 쿨텐션 코숏 티셔츠,24900,49900,50
666,여성 쿨테리 오버핏 반팔 티셔츠,7900,39900,80
667,클라운 콜라보 힐링 반팔 티셔츠,29000,59000,50
668,데일리 버튼 카라 반팔티셔츠,19900,89000,77
669,공용) 더투어 크루넥티,12900,29900,56
670,남성) 쿨에어 크루넥 반팔 티,12900,0,0
671,공용) 카카오프렌즈 콜라보 반팔 티,19900,0,0
672,남성) 퀵드라이 폰테 그래픽 반팔 티,29900,0,0
673,여성) 그래픽 긴팔 티,9900,19900,50
674,공용) 슬럽 브이넥 반팔 티,7900,12900,38
675,여성) 슬럽 브이넥 반팔 티,7900,12900,38
676,공용) 오가닉 코튼 크루넥 반팔 티,7900,12900,38
677,여성) 싱글 크루넥 워딩 반팔 티,7900,15900,50
678,남아) 입체그래픽 반팔티,7900,19900,60
679,유니버스)로고 그래픽 후드티,29000,119000,75
680,올리버 스트라이프 코튼 반팔 티셔츠,29900,39000,23
681,올리버 레터링 코튼 반팔 티셔츠,29900,39000,23
682,라글란 7부 티셔츠,6900,14900,53
683,여성 코튼 모달 긴팔 티셔츠,4900,19900,75
684,여아) 우븐매치 티셔츠,15900,0,0
685,내츄럴 컴포트 카라 티셔츠,19900,98000,79
686,공용) 쿨텐션 코숏 티셔츠,24900,49900,50
687,여성 쿨테리 오버핏 반팔 티셔츠,7900,39900,80
688,여성 쿨테리 오버핏 반팔 티셔츠,7900,39900,80
689,공용) C/P 피케 카라 티셔츠,9900,19900,50
690,공용) 더투어 크루넥티,12900,29900,56
691,공용) 더투어 크루넥티,12900,29900,56
692,여성) 코튼 반팔 그래픽 티(더투어),12900,29900,56
693,공용) 캠페인 그래픽 반팔 티 (충무공),19900,0,0
694,공용) 카카오프렌즈 콜라보 반팔 티,19900,0,0
695,여성) 코튼 립 반팔 티,7900,15900,50
696,20수 코튼 오버핏 반팔 티,7900,15900,50
697,원마일 라운지 세트,11900,39900,70
698,여아) 밸런스 트랙수트 집업,25900,39900,35
699,여성 모달 스판 골지 목넥 5부 티셔츠,4900,19900,75
700,포켓 크루넥 반팔 티셔츠,20900,79000,73
701,쿨스킨 매쉬 베이직 민소매 티셔츠,4900,12900,62
702,공용 )쿨텐션 솔리드 반팔티,19900,39900,50
703,아동) 스트라이프 7부티,7900,15900,50
704,공용) 더투어 크루넥티,12900,29900,56
705,남성) BALANCE 에코쿨링 반팔 티,15900,19900,20
706,공용) 슬럽 브이넥 반팔 티,9900,12900,23
707,공용) 슬럽 크루넥 반팔 티,9900,12900,23
708,공용) 카카오프렌즈 콜라보 반팔 티,19900,0,0
709,여성) 콜라보 반팔 티 (김승연 작가 콜라보),19900,0,0
710,여성) 츄팝춥스 콜라보 반팔 티,7900,19900,60
711,와플 반팔 티,9900,29900,66
712,와플 반팔 티,9900,29900,66
713,20수 코튼 오버핏 반팔 티,7900,15900,50
714,아동) 오가닉코튼 레인보우 반팔티,4900,9900,50
715,여아 워딩 그래픽 롱 맨투맨 ,13900,29900,53
716,어위크 코튼 티셔츠,19900,29000,31
717,여성 면100 그래픽 반팔 티셔츠,5900,19900,70
718,쿨텐션 포켓 반팔 티셔츠,16900,39900,57
719,내츄럴 컴포트 카라 티셔츠,19900,98000,79
720,올리버 아트웍 후드 티셔츠,34900,128000,72
721,컬러 오가닉 반팔 티셔츠,4500,9900,54
722,여아 레터링 그래픽 티셔츠,6900,19900,65
723,친환경 오가닉 반팔 티셔츠,3900,9900,60
724,공용) 쿨텐션 코숏 티셔츠,24900,49900,50
725,남성) BALANCE 에어매쉬 베이직 반팔 티,15900,19900,20
726,공용) USA 코튼 그래픽 반팔 티 (멸종위기동물),19900,0,0
727,공용) USA 코튼 그래픽 반팔 티 (바캉스),19900,0,0
728,공용) 카카오프렌즈 콜라보 반팔 티,19900,0,0
729,남성) 퀵드라이 폰테 그래픽 반팔 티,29900,0,0
730,남성) 텍스쳐드 크루넥 긴팔 티,7900,29900,73
731,여성) 슬럽 브이넥 반팔 티,7900,12900,38
732,공용) 오가닉 코튼 크루넥 반팔 티,7900,12900,38
733,공용) 오가닉 코튼 크루넥 반팔 티,7900,12900,38
734,공용) USA 코튼 그래픽 반팔 티,7900,19900,60
735,공용) 조인혁 콜라보 반팔 티,7900,19900,60
736,공용) 카카오프렌즈 콜라보 반팔 티,7900,19900,60
737,여아) 코튼슬럽 그래픽 반팔티,15900,0,0
738,올리버 레터링 코튼 반팔 티셔츠,29900,39000,23
739,여성 포켓 세미 크롭 반팔 티셔츠,4900,19900,75
740,에브리웨어 파일 카라 티셔츠,24900,99000,74
741,쿨텐션 포켓 반팔 티셔츠,16900,39900,57
742,스테이쿨 베이직 반팔 티셔츠,16900,29900,43
743,올리버 아트웍 후드 티셔츠,34900,128000,72
744,컬러 오가닉 반팔 티셔츠,4500,9900,54
745,심플 그래픽 반팔 티셔츠,6900,19900,65
746,심플 그래픽 반팔 티셔츠,6900,19900,65
747,아이차 그라데이션 레터링 그래픽 반팔 티셔츠,7900,19900,60
748,공용 쿨텐션 시그니처 반팔티,24900,0,0
749,공용) 더투어 크루넥티,12900,29900,56
750,여성) 코튼 반팔 그래픽 티(더투어),12900,29900,56
751,공용) 슬럽 브이넥 반팔 티,9900,12900,23
752,공용) 슬럽 브이넥 반팔 티,9900,12900,23
753,공용) 슬럽 브이넥 반팔 티,9900,12900,23
754,여성) 오가닉 코튼 브이넥 반팔 티,9900,12900,23
755,여성) 슬럽 크루넥 반팔 티,9900,12900,23
756,여성) 콜라보 반팔 티 (김승연 작가 콜라보),19900,0,0
757,여성) 립 긴팔 티,9900,19900,50
758,공용) 조인혁 콜라보 반팔 티,7900,19900,60
759,오버핏 그래픽 맨투맨,37900,69900,45
760,원마일 라운지 세트,11900,39900,70
761,리버스테리 슬릿 반팔 티셔츠,16900,39900,57
762,아이스 쿨 카라 반팔티셔츠,39900,99000,59
763,포켓 크루넥 반팔 티셔츠,20900,79000,73
764,클라운 콜라보 힐링 반팔 티셔츠,29000,59000,50
765,여성) 코튼 스트라이프 긴팔티,10000,29900,66
766,남성) BALANCE 에코쿨링 긴팔 티(소로나),15900,29900,46
767,공용) 조인혁 콜라보 반팔 티 (플로깅),19900,0,0
768,공용) 조인혁 콜라보 반팔 티 (플로깅),19900,0,0
769,여성) 콜라보 반팔 티 (김승연 작가 콜라보),19900,0,0
770,남성) 퀵드라이 폰테 그래픽 반팔 티,29900,0,0
771,남성) 와플 텍스쳐드 슬릿넥 반팔 티,29900,0,0
772,남성) 와플 텍스쳐드 크루넥 반팔 티,29900,0,0
773,여성) 슬럽 브이넥 반팔 티,7900,12900,38
774,공용) 디즈니 콜라보 반팔 티,7900,19900,60
775,여아) 코튼싱글 레터링 반팔티,15900,0,0
776,아이스쿨 코튼 카라 반팔 니트,19900,109000,81
777,솔리드 포켓 오버핏 반팔 티셔츠,6900,29900,76
778,공용) C/P 피케 카라 티셔츠,9900,19900,50
779,여성) 면 스트라이프 크루넥 반팔티,15000,29900,49
780,남아) 테리 그래픽 맨투맨,11900,29900,60
781,링클프리 치노 팬츠,24900,59900,58
782,유니버스)로고 그래픽 반팔티,29000,69000,57
783,유니버스)로고 그래픽 반팔티,29000,69000,57
784,남아 워딩 그래픽 후드티,16900,39900,57
785,공용)쿨텐션 코숏 콜라보 스트라이프티,19900,49900,60
786,공용)쿨텐션 코숏 콜라보 스트라이프티,19900,49900,60
787,공용) 쿨텐션 긴팔 그래픽 크루넥티,19900,49900,60
788,여성) BALANCE 퀵드라이 메쉬 반팔 티,15900,19900,20
789,여성) 슬럽 브이넥 반팔 티,9900,12900,23
790,공용) 에코쿨링 그래픽 반팔 티,29900,0,0
791,공용) 카카오프렌즈 콜라보 반팔 티,19900,0,0
792,공용) 카카오프렌즈 콜라보 반팔 티,19900,0,0
793,여성) 콜라보 반팔 티 (김승연 작가 콜라보),19900,0,0
794,여성) 콜라보 반팔 티 (디즈니),19900,0,0
795,남성) 퀵드라이 폰테 넥슬릿 반팔 티,29900,0,0
796,남성) 퀵드라이 폰테 넥슬릿 반팔 티,29900,0,0
797,남성) 텍스쳐드 크루넥 긴팔 티,7900,29900,73
798,BALANCE 그래픽 반팔 티,7900,19900,60
799,여아) 코튼슬럽 그래픽 반팔티,15900,0,0
800,여아) 코튼싱글 레터링 크롭 반팔티,7900,12900,38
801,남아) 입체그래픽 반팔티,7900,19900,60
802,남아 소매 블록 맨투맨,13900,34900,60
803,올리버 그래픽 코튼 반팔 티셔츠,29900,39000,23
804,솔리드 코튼 슬럽 티셔츠,5900,19900,70
805,솔리드 포켓 오버핏 반팔 티셔츠,6900,29900,76
806,아동) 피케 티셔츠,19900,0,0
807,여아) 우븐매치 티셔츠,15900,0,0
808,스테이쿨 베이직 반팔 티셔츠,16900,29900,43
809,내츄럴 컴포트 리플 반팔티셔츠,19900,59000,66
810,공용) 쿨텐션 코숏 티셔츠,24900,49900,50
811,미니 와펜 코튼 크루넥 티셔츠,29900,99000,69
812,유니버스) 레터링 폴로 티셔츠,39000,79000,50
813,여성) 에코 그래픽 반팔 티,24900,49900,50
814,공용 코튼 포켓 캠핑 자수 반팔티,12450,24900,50
815,공용) 쿨텐션 긴팔 그래픽 크루넥티,19900,49900,60
816,공용) 쿨텐션 긴팔 그래픽 크루넥티,19900,49900,60
817,공용) 코튼 스트라이프 긴팔 티,9900,19900,50
818,여성) BALANCE 에코쿨링 긴팔 티 (루즈핏),15900,29900,46
819,여성) 슬럽 브이넥 반팔 티,9900,12900,23
820,공용) 카카오프렌즈 콜라보 반팔 티,19900,0,0
821,여성) 쿨에어 코튼 반팔 티 (루즈핏),19900,0,0
822,여성) 쿨에어 코튼 반팔 티 (루즈핏),19900,0,0
823,남성) 텍스쳐드 크루넥 긴팔 티,7900,29900,73
824,공용) 코튼 그래픽 반팔 티,7900,19900,60
825,공용) USA 코튼 그래픽 반팔 티,7900,19900,60
826,공용) 카카오프렌즈 콜라보 반팔 티,7900,19900,60
827,아동) 오가닉코튼 레인보우 반팔티,4900,9900,50
828,원마일 라운지 세트,11900,39900,70
829,남아) 밸런스 트랙수트 집업,25900,39900,35
830,공용 쿨텐션 슬릿넥 반팔 티셔츠,10900,39900,72
831,솔리드 단가라 반팔티셔츠,5900,19900,70
832,솔리드 코튼 슬럽 티셔츠,5900,19900,70
833,스테이쿨 베이직 반팔 티셔츠,16900,29900,43
834,스테이쿨 베이직 반팔 티셔츠,16900,29900,43
835,내츄럴 컴포트 리플 반팔티셔츠,19900,59000,66
836,내츄럴 컴포트 리플 반팔티셔츠,19900,59000,66
837,솔리드 라운드 반팔티셔츠 3PACKAGE,16900,19900,15
838,[안효섭 착용] 슬릿 카라넥 니트 티셔츠,22900,149000,84
839,[안효섭 착용] 슬릿 카라넥 니트 티셔츠,22900,149000,84
840,플라워 캠페인 맨투맨,16900,59900,71
841,플라워 캠페인 맨투맨,16900,59900,71
842,여성) 코튼 스트라이프 긴팔티,10000,29900,66
843,여성) 코튼 스트라이프 긴팔 티,9900,19900,50
844,여성) 오가닉 코튼 브이넥 반팔 티,9900,12900,23
845,공용) 슬럽 크루넥 반팔 티,9900,12900,23
846,공용) 에코쿨링 그래픽 반팔 티,29900,0,0
847,공용) USA 코튼 그래픽 반팔 티 (멸종위기동물),19900,0,0
848,공용) USA 코튼 그래픽 반팔 티 (바캉스),19900,0,0
849,공용) USA 코튼 그래픽 반팔 티 (바캉스),19900,0,0
850,여성) 슬럽 크루넥 반팔 티,9900,12900,23
851,여성) USA 코튼 그래픽 반팔 티,19900,0,0
852,여성) USA 코튼 그래픽 반팔 티,19900,0,0
853,남성) 와플 텍스쳐드 슬릿넥 반팔 티,29900,0,0
854,공용) USA 코튼 그래픽 반팔 티,7900,19900,60
855,여성) 프리미엄 리넨 크루넥 반팔 티,7900,19900,60
856,20수 코튼 오버핏 반팔 티,7900,15900,50
857,여아) 코튼싱글 레터링 반팔티,15900,0,0
858,남아) 입체그래픽 반팔티,7900,19900,60
859,아이스쿨 코튼 카라 반팔 니트,19900,109000,81
860,공용 부루마불 콜라보 그래픽 반팔 티셔츠,5900,19900,70
861,여성 면100 그래픽 반팔 티셔츠,5900,19900,70
862,코튼 슬럽 슬릿 스트라이프 7부 티셔츠,4900,19900,75
863,수피마 슬럽 라운드 반팔 티셔츠 ,12900,59000,78
864,심플 그래픽 반팔 티셔츠,6900,19900,65
865,공용) 쿨텐션 그래픽 티셔츠,19900,49900,60
866,공용) 쿨텐션 코숏 티셔츠,24900,49900,50
867,시그니처 리플 롱슬리브,19900,79000,74
868,링클프리 치노 팬츠,24900,59900,58
869,여아 쿨텐션 반팔 후드티 ,24900,29900,16
870,남성) BALANCE 그래픽 반팔 티,15900,19900,20
871,공용) 슬럽 크루넥 반팔 티,9900,12900,23
872,공용) 캠페인 그래픽 반팔 티 (충무공),19900,0,0
873,공용) 에코쿨링 그래픽 반팔 티,29900,0,0
874,공용) 조인혁 콜라보 반팔 티 (플로깅),19900,0,0
875,여성) 슬럽 크루넥 반팔 티,9900,12900,23
876,여성) 쿨에어 코튼 크롭 반팔 티 (루즈핏),19900,0,0
877,여성) 레이온 스판 립 모크넥 반팔 티(5부),19900,0,0
878,여성) 텐셀 스판 반팔 티,19900,0,0
879,여성) 콜라보 반팔 티 (디즈니),19900,0,0
880,여성) 콜라보 반팔 티 (디즈니),19900,0,0
881,여성) 슬럽 브이넥 반팔 티,7900,12900,38
882,공용) 디즈니 콜라보 반팔 티,7900,19900,60
883,오버핏 그래픽 맨투맨,37900,69900,45
884,오버핏 로고 맨투맨,34900,59900,41
885,오버핏 스웨트 후드 집업,39900,79900,50
886,미니 자수 코튼 반팔 티셔츠,29900,79000,62
887,올리버 레터링 코튼 반팔 티셔츠,29900,39000,23
888,라글란 7부 티셔츠,6900,14900,53
889,여성 면 슬럽 스트라이프 크루넥 반팔 티셔츠,5900,19900,70
890,여성 립 웨이브 반팔 티셔츠,6900,19900,65
891,솔리드 포켓 오버핏 반팔 티셔츠,6900,29900,76
892,쿨텐션 포켓 반팔 티셔츠,16900,39900,57
893,아이차 그라데이션 레터링 그래픽 반팔 티셔츠,7900,19900,60
894,아이차 그라데이션 레터링 그래픽 반팔 티셔츠,7900,19900,60
895,공용) 쿨텐션 코숏 티셔츠,24900,49900,50
896,공용) 쿨텐션 코숏 티셔츠,24900,49900,50
897,여성) 면 스트라이프 크루넥 반팔티,15000,29900,49
898,에어매쉬 블럭 티에리 반팔티,24900,128000,80
899,여아 쿨텐션 반팔 후드티 ,24900,29900,16
900,공용) 쿨텐션 크루넥 긴팔티,19900,49900,60
901,여성) BALANCE 퀵드라이 메쉬 반팔 티,15900,19900,20
902,남성) BALANCE 에코쿨링 반팔 티,15900,19900,20
903,공용) 코튼 스트라이프 반팔 티,19900,0,0
904,공용) 캠페인 그래픽 반팔 티 (충무공),19900,0,0
905,공용) USA 코튼 그래픽 반팔 티 (바캉스),19900,0,0
906,공용) 카카오프렌즈 콜라보 반팔 티,19900,0,0
907,공용) 카카오프렌즈 콜라보 반팔 티,19900,0,0
908,공용) 오가닉 코튼 크루넥 반팔 티,7900,12900,38
909,공용) USA 코튼 그래픽 반팔 티,7900,19900,60
910,BALANCE 그래픽 반팔 티,7900,19900,60
911,여아) 코튼싱글 레터링 크롭 반팔티,7900,12900,38
912,유니버스)로고 그래픽 후드티,29000,119000,75
913,원마일 라운지 세트,11900,39900,70
914,공용 쿨텐션 슬릿넥 반팔 티셔츠,10900,39900,72
915,공용 쿨텐션 슬릿넥 반팔 티셔츠,10900,39900,72
916,아동) 피케 티셔츠,19900,0,0
917,아동) 피케 티셔츠,19900,0,0
918,여아) 코튼싱글 레터링 티셔츠,7900,12900,38
919,쿨텐션 포켓 반팔 티셔츠,16900,39900,57
920,리버스테리 슬릿 반팔 티셔츠,16900,39900,57
921,스테이쿨 베이직 반팔 티셔츠,16900,29900,43
922,스테이쿨 베이직 반팔 티셔츠,16900,29900,43
923,내츄럴 컴포트 자수 반팔티셔츠,19900,98000,79
924,쿨 앤 컴포트 린넨 카라 티셔츠,19900,108000,81
925,공용) 쿨텐션 그래픽 티셔츠,19900,49900,60
926,데일리 버튼 카라 반팔티셔츠,19900,89000,77
927,여성) 면 스트라이프 크루넥 반팔티,15000,29900,49
928,공용 쿨텐션 시그니처 반팔티,24900,0,0
929,공용) 쿨텐션 긴팔 그래픽 크루넥티,19900,49900,60
930,여성) 쿨텐션 솔리드 크루넥 반팔티,19900,39900,50
931,여성) 쿨텐션 솔리드 크루넥 반팔티,19900,39900,50
932,공용) 오가닉 코튼 크루넥 긴팔 티,9900,19900,50
933,공용) 슬럽 브이넥 반팔 티,9900,12900,23
934,여성) 슬럽 브이넥 반팔 티,9900,12900,23
935,공용) 슬럽 크루넥 반팔 티,9900,12900,23
936,공용) USA 코튼 그래픽 반팔 티 (바캉스),19900,0,0
937,공용) 카카오프렌즈 콜라보 반팔 티,19900,0,0
938,여성) 코튼 스트라이프 크루넥 반팔 티,19900,0,0
939,남성) 퀵드라이 폰테 배색 반팔 티,29900,0,0
940,공용) 오가닉 코튼 크루넥 반팔 티,7900,12900,38
941,공용) 조인혁 콜라보 반팔 티,7900,19900,60
942,여아 그래픽 후드 맨투맨,16900,39900,57
943,원마일 라운지 세트,11900,39900,70
944,올리버 그래픽 코튼 반팔 티셔츠,29900,39000,23
945,어위크 코튼 티셔츠,19900,29000,31
946,라글란 7부 티셔츠,6900,14900,53
947,공용 쿨텐션 슬릿넥 반팔 티셔츠,10900,39900,72
948,여성 립 목넥 반팔 티셔츠,5900,19900,70
949,에브리웨어 파일 카라 티셔츠,24900,99000,74
950,아동) 피케 티셔츠,19900,0,0
951,내츄럴 컴포트 리플 반팔티셔츠,19900,59000,66
952,공용) 쿨텐션 그래픽 티셔츠,19900,49900,60
953,남아) 테리 그래픽 맨투맨,11900,29900,60
954,유니버스)로고 그래픽 반팔티,29000,69000,57
955,공용 쿨텐션 시그니처 반팔티,24900,0,0
956,여성) 코튼 반팔 그래픽 티(더투어),12900,29900,56
957,여성) 오가닉 코튼 크루넥 긴팔 티,9900,19900,50
958,여성) 쿨에어 반팔 티,12900,0,0
959,남성) 쿨에어 브이넥 반팔 티,12900,0,0
960,남성) 쿨에어 크루넥 반팔 티,12900,0,0
961,공용) 슬럽 브이넥 반팔 티,9900,12900,23
962,공용) 슬럽 긴팔 티,9900,19900,50
963,공용) 슬럽 긴팔 티,9900,19900,50
964,공용) 에코쿨링 그래픽 반팔 티,29900,0,0
965,공용) USA 코튼 그래픽 반팔 티 (멸종위기동물),19900,0,0
966,공용) USA 코튼 그래픽 반팔 티 (바캉스),19900,0,0
967,공용) 조인혁 콜라보 반팔 티 (플로깅),19900,0,0
968,공용) 조인혁 콜라보 반팔 티,19900,0,0
969,공용) 카카오프렌즈 콜라보 반팔 티,19900,0,0
970,공용) 카카오프렌즈 콜라보 반팔 티,19900,0,0
971,여성) 레이온 스판 립 모크넥 반팔 티(5부),19900,0,0
972,여성) 쿨에어 코튼 반팔 티 (루즈핏),19900,0,0
973,남성) 퀵드라이 폰테 그래픽 반팔 티,29900,0,0
974,남성) 퀵드라이 폰테 포켓 반팔 티,29900,0,0
975,남성) 와플 텍스쳐드 크루넥 반팔 티,29900,0,0
976,공용) 오가닉 코튼 크루넥 반팔 티,7900,12900,38
977,공용) 오가닉 코튼 크루넥 반팔 티,7900,12900,38
978,공용) 코튼 그래픽 반팔 티,7900,19900,60
979,여성) 싱글 크루넥 워딩 반팔 티,7900,15900,50
980,퀵드라이 폰테 포켓 반팔 티,7900,29900,73
981,남아) 입체그래픽 반팔티,7900,19900,60
982,여아) 코튼슬럽 그래픽 민소매티,6900,12900,46
983,남아) 슬럽 그래픽 민소매티,5900,12900,54
984,오버핏 그래픽 맨투맨,37900,69900,45
985,여아 그래픽 후드 맨투맨,16900,39900,57
986,올리버 레터링 코튼 반팔 티셔츠,29900,39000,23
987,라글란 7부 티셔츠,6900,14900,53
988,공용 사카리바 슬릿넥 칠부 티셔츠,12900,39900,67
989,여성 면 슬럽 스트라이프 크루넥 반팔 티셔츠,5900,19900,70
990,여성 면 슬럽 스트라이프 크루넥 반팔 티셔츠,5900,19900,70
991,솔리드 단가라 반팔티셔츠,5900,19900,70
992,공용 쿨테리 라벨 패치 후드 반팔 티셔츠,12900,39900,67
993,여성 쿨테리 레터링 후드 반팔 티셔츠,12900,39900,67
994,아동) 피케 티셔츠,19900,0,0
995,스테이쿨 베이직 반팔 티셔츠,16900,29900,43
996,여아 레터링 그래픽 티셔츠,6900,19900,65
997,공용) 쿨텐션 그래픽 티셔츠,19900,49900,60
998,공용) 쿨텐션 코숏 티셔츠,24900,49900,50
999,공용) 쿨텐션 코숏 티셔츠,24900,49900,50
1000,유니버스) 레터링 폴로 티셔츠,39000,79000,50
1001,공용 )쿨텐션 솔리드 반팔티,19900,39900,50
1002,공용 )쿨텐션 솔리드 반팔티,19900,39900,50
1003,아동) 오가닉 레인보우 반팔티,4900,9900,50
1004,플라워 캠페인 맨투맨,16900,59900,71
1005,공용 쿨텐션 시그니처 반팔티,24900,0,0
1006,여성) 코튼 반팔 그래픽 티(더투어),12900,29900,56
1007,공용) 코튼 스트라이프 긴팔 티,9900,19900,50
1008,공용) 오가닉 코튼 크루넥 긴팔 티,9900,19900,50
1009,여성) BALANCE 에코쿨링 긴팔 티 (루즈핏),15900,29900,46
1010,남성) BALANCE 그래픽 반팔 티,15900,19900,20
1011,여성) 슬럽 브이넥 반팔 티,9900,12900,23
1012,공용) 슬럽 긴팔 티,9900,19900,50
1013,공용) 슬럽 크루넥 반팔 티,9900,12900,23
1014,공용) USA 코튼 그래픽 반팔 티 (멸종위기동물),19900,0,0
1015,공용) USA 코튼 그래픽 반팔 티 (레터링),19900,0,0
1016,공용) 카카오프렌즈 콜라보 반팔 티,19900,0,0
1017,여성) USA 코튼 그래픽 반팔 티,19900,0,0
1018,남성) 퀵드라이 폰테 배색 반팔 티,29900,0,0
1019,남성) 와플 텍스쳐드 슬릿넥 반팔 티,29900,0,0
1020,남성) 와플 텍스쳐드 크루넥 반팔 티,29900,0,0
1021,여성) 립 긴팔 티,9900,19900,50
1022,남성) 텍스쳐드 크루넥 긴팔 티,7900,29900,73
1023,공용) 오가닉 코튼 크루넥 반팔 티,7900,12900,38
1024,공용) 디즈니 콜라보 반팔 티,7900,19900,60
1025,공용) 카카오프렌즈 콜라보 반팔 티,7900,19900,60
1026,여성) 오가닉 코튼 크루넥 반팔 티,7900,12900,38
1027,여성) 오가닉 코튼 크루넥 반팔 티,7900,12900,38
1028,여성) 프리미엄 리넨 크루넥 반팔 티,7900,19900,60
1029,여성) 코튼 립 반팔 티,7900,15900,50
1030,여아) 코튼싱글 레터링 크롭 반팔티,7900,12900,38
1031,오버핏 그래픽 맨투맨,37900,69900,45
1032,오버핏 그래픽 맨투맨,37900,69900,45
1033,오버핏 스웨트 후드 집업,39900,79900,50
1034,어위크 코튼 티셔츠,19900,29000,31
1035,여성 소로나 그래픽 반팔 크롭 티셔츠,7900,29900,73
1036,여성 립 목넥 반팔 티셔츠,5900,19900,70
1037,공용 쿨테리 라벨 패치 후드 반팔 티셔츠,12900,39900,67
1038,여성 모달 스판 골지 목넥 5부 티셔츠,4900,19900,75
1039,여아 레터링 그래픽 티셔츠,6900,19900,65
1040,공용) 쿨텐션 코숏 티셔츠,24900,49900,50
1041,여성) 레이온 립 웨이브 티셔츠,7900,15900,50
1042,순살탱방 와펜 스트라이프 티셔츠,14900,59900,75
1043,여성) 면 스트라이프 크루넥 반팔티,15000,29900,49
1044,원마일웨어 후드,29900,79900,62
1045,순살탱방 테리 맨투맨,16900,59900,71
1046,에어매쉬 블럭 티에리 반팔티,24900,128000,80
1047,남아 워딩 그래픽 후드티,16900,39900,57
1048,여성) 쿨텐션 솔리드 크루넥 반팔티,19900,39900,50
1049,여성) 립 크루넥 반팔티,15000,29900,49
1050,남성) BALANCE 에어매쉬 베이직 반팔 티,15900,19900,20
1051,공용) 슬럽 크루넥 반팔 티,9900,12900,23
1052,공용) USA 코튼 그래픽 반팔 티 (바캉스),19900,0,0
1053,공용) 조인혁 콜라보 반팔 티 (플로깅),19900,0,0
1054,공용) 조인혁 콜라보 반팔 티 (플로깅),19900,0,0
1055,공용) 조인혁 콜라보 반팔 티,19900,0,0
1056,여성) 슬럽 크루넥 반팔 티,9900,12900,23
1057,여성) 코튼 스트라이프 크루넥 반팔 티,19900,0,0
1058,남성) 퀵드라이 폰테 넥슬릿 반팔 티,29900,0,0
1059,남성) 퀵드라이 폰테 넥슬릿 반팔 티,29900,0,0
1060,남성) 퀵드라이 폰테 그래픽 반팔 티,29900,0,0
1061,여성) 레이어드 긴팔 티(루즈핏),9900,19900,50
1062,공용) 오가닉 코튼 크루넥 반팔 티,7900,12900,38
1063,공용) 오가닉 코튼 크루넥 반팔 티,7900,12900,38
1064,여성) 오가닉 코튼 크루넥 반팔 티,7900,12900,38
1065,여성) 싱글 크루넥 워딩 반팔 티,7900,15900,50
1066,여성) 프리미엄 리넨 크루넥 반팔 티,7900,19900,60
1067,BALANCE 그래픽 반팔 티,7900,19900,60
1068,20수 코튼 오버핏 반팔 티,7900,15900,50
1069,여아) 코튼싱글 레터링 크롭 반팔티,7900,12900,38
1070,남아) 슬럽 그래픽 민소매티,5900,12900,54
1071,유니버스)로고 그래픽 후드티,29000,119000,75
1072,오버핏 그래픽 맨투맨,37900,69900,45
1073,오버핏 스웨트 후드 집업,39900,79900,50
1074,원마일 라운지 세트,11900,39900,70
1075,올리버 그래픽 코튼 반팔 티셔츠,29900,39000,23
1076,공용 부루마불 콜라보 그래픽 반팔 티셔츠,5900,19900,70
1077,솔리드 코튼 슬럽 티셔츠,5900,19900,70
1078,여성 쿨테리 레터링 후드 반팔 티셔츠,12900,39900,67
1079,클라운 콜라보 데일리 티셔츠,39000,79000,50
1080,여아) 우븐매치 티셔츠,15900,0,0
1081,오버핏 맨투맨형 반팔 티셔츠,24900,39900,37
1082,스테이쿨 포켓 반팔 티셔츠,24900,39900,37
1083,솔리드 라운드 반팔티셔츠 3PACKAGE,16900,19900,15
1084,쿨 앤 컴포트 린넨 카라 티셔츠,19900,108000,81
1085,수피마 슬럽 라운드 반팔 티셔츠 ,12900,59000,78
1086,여아 레터링 그래픽 티셔츠,6900,19900,65
1087,아이차 그라데이션 레터링 그래픽 반팔 티셔츠,7900,19900,60
1088,공용) 쿨텐션 그래픽 티셔츠,19900,49900,60
1089,[안효섭 착용] 슬릿 카라넥 니트 티셔츠,22900,149000,84
1090,여성) 레이온 립 웨이브 티셔츠,7900,15900,50
1091,여성) 면 스트라이프 크루넥 반팔티,15000,29900,49
1092,여성) 면 스트라이프 크루넥 반팔티,15000,29900,49
1093,아동) 오가닉 레인보우 반팔티,4900,9900,50
1094,아동) 오가닉 코튼 레인보우 반팔티,4900,9900,50
1095,올리버 그래픽 맨투맨,19900,98000,79
1096,원마일웨어 후드,29900,79900,62
1097,공용) 쿨텐션 크루넥 긴팔티,19900,49900,60
1098,공용) 쿨텐션 크루넥 긴팔티,19900,49900,60
1099,여성) 립 크루넥 반팔티,15000,29900,49
1100,여성) 립 크루넥 반팔티,15000,29900,49
1101,여성) 오가닉 코튼 크루넥 긴팔 티,9900,19900,50
1102,여성) BALANCE 퀵드라이 메쉬 반팔 티,15900,19900,20
1103,남성) BALANCE 그래픽 반팔 티,15900,19900,20
1104,남성) BALANCE 에어매쉬 베이직 반팔 티,15900,19900,20
1105,공용) 슬럽 크루넥 반팔 티,9900,12900,23
1106,공용) 캠페인 그래픽 반팔 티 (충무공),19900,0,0
1107,공용) USA 코튼 그래픽 반팔 티 (레터링),19900,0,0
1108,공용) 조인혁 콜라보 반팔 티,19900,0,0
1109,여성) 슬럽 크루넥 반팔 티,9900,12900,23
1110,여성) USA 코튼 그래픽 반팔 티,19900,0,0
1111,여성) USA 코튼 그래픽 반팔 티,19900,0,0
1112,여성) 레이온 스판 립 모크넥 반팔 티(5부),19900,0,0
1113,여성) 텐셀 스판 반팔 티,19900,0,0
1114,여성) 콜라보 반팔 티 (김승연 작가 콜라보),19900,0,0
1115,남성) 퀵드라이 폰테 그래픽 반팔 티,29900,0,0
1116,여성) 레이어드 긴팔 티(루즈핏),9900,19900,50
1117,공용) USA 코튼 그래픽 반팔 티,7900,19900,60
1118,여성) 싱글 크루넥 워딩 반팔 티,7900,15900,50
1119,여성) 코튼 롱기장 루즈핏 반팔 티,7900,15900,50
1120,여성) 코튼 롱기장 루즈핏 반팔 티,7900,15900,50
1121,여성) 프리미엄 리넨 크루넥 반팔 티,7900,19900,60
1122,여성) 츄파춥스 콜라보 반팔 티,7900,19900,60
1123,20수 코튼 오버핏 반팔 티,7900,15900,50
1124,아동) 오가닉코튼 레인보우 반팔티,4900,9900,50
1125,여아) 코튼슬럽 그래픽 민소매티,6900,12900,46
1126,남아) 슬럽 그래픽 민소매티,5900,12900,54
1127,남아) 슬럽 그래픽 민소매티,5900,12900,54
1128,오버핏 그래픽 맨투맨,37900,69900,45
1129,오버핏 로고 맨투맨,34900,59900,41
1130,크리즈 텍스쳐 카고 조거팬츠,41930,59900,30
1131,원포인트 패치 밴딩 반바지,27930,39900,30
1132,폴리 액티브 그래픽 탱크,6900,19900,65
1133,폴리 액티브 그래픽 탱크,6900,19900,65
1134,아이스쿨 코튼 카라 반팔 니트,19900,109000,81
1135,여아) 밸런스 트랙수트 집업,25900,39900,35
1136,남아) 밸런스 트랙수트 집업,25900,39900,35
1137,공용 사카리바 슬릿넥 칠부 티셔츠,12900,39900,67
1138,공용 쿨테리 라벨 패치 후드 반팔 티셔츠,12900,39900,67
1139,쿨텐션 그래픽 5부 티셔츠,24900,39900,37
1140,오버핏 맨투맨형 반팔 티셔츠,24900,39900,37
1141,스테이쿨 포켓 반팔 티셔츠,24900,39900,37
1142,내츄럴 컴포트 리플 반팔티셔츠,19900,59000,66
1143,수피마 슬럽 라운드 반팔 티셔츠 ,12900,59000,78
1144,오버핏 스웨트 후드 티셔츠,39900,69900,42
1145,데일리 버튼 카라 반팔티셔츠,19900,89000,77
1146,여성) 레이온 립 웨이브 티셔츠,7900,15900,50
1147,공용 )쿨텐션 솔리드 반팔티,19900,39900,50
1148,베이직 플리스 맨투맨,7900,29900,73
1149,베이직 플리스 맨투맨,7900,29900,73
1150,실리콘 와펜 맨투맨,14900,39900,62
1151,여성) 쿨텐션 솔리드 크루넥 반팔티,19900,39900,50
1152,여성) 코튼 반팔 그래픽 티(더투어),12900,29900,56
1153,여성) 코튼 반팔 그래픽 티(더투어),12900,29900,56
1154,공용) 오가닉 코튼 크루넥 긴팔 티,9900,19900,50
1155,여성) BALANCE 긴팔 티,12900,25900,50
1156,남성) BALANCE 에어매쉬 베이직 반팔 티,15900,19900,20
1157,공용) 슬럽 스트라이프 반팔 티,19900,0,0
1158,공용) 슬럽 크루넥 반팔 티,9900,12900,23
1159,공용) 코튼 스트라이프 반팔 티,19900,0,0
1160,공용) 캠페인 그래픽 반팔 티 (충무공),19900,0,0
1161,공용) USA 코튼 그래픽 반팔 티 (레터링),19900,0,0
1162,공용) USA 코튼 그래픽 반팔 티 (레터링),19900,0,0
1163,공용) 카카오프렌즈 콜라보 반팔 티,19900,0,0
1164,여성) USA 코튼 그래픽 반팔 티,19900,0,0
1165,여성) 쿨에어 코튼 크롭 반팔 티 (루즈핏),19900,0,0
1166,여성) 콜라보 반팔 티 (김승연 작가 콜라보),19900,0,0
1167,남성) 퀵드라이 폰테 배색 반팔 티,29900,0,0
1168,남성) 퀵드라이 폰테 넥슬릿 반팔 티,29900,0,0
1169,남성) 퀵드라이 폰테 그래픽 반팔 티,29900,0,0
1170,공용) 오가닉 코튼 크루넥 반팔 티,7900,12900,38
1171,공용) USA 코튼 그래픽 반팔 티,7900,19900,60
1172,공용) 디즈니 콜라보 반팔 티,7900,19900,60
1173,여성) 코튼 롱기장 루즈핏 반팔 티,7900,15900,50
1174,여성) 프리미엄 리넨 크루넥 반팔 티,7900,19900,60
1175,여성) 코튼 립 반팔 티,7900,15900,50
1176,여성) 코튼 립 반팔 티,7900,15900,50
1177,20수 코튼 오버핏 반팔 티,7900,15900,50
1178,20수 코튼 오버핏 반팔 티,7900,15900,50
1179,아동) 오가닉코튼 레인보우 반팔티,4900,9900,50
1180,Reorder 크리즈 텍스쳐 아노락,55930,79900,30
1181,원포인트 패치 밴딩 반바지,27930,39900,30
1182,원포인트 패치 밴딩 반바지,27930,39900,30
1183,여성 립 브이넥 버튼 반팔 가디건,11900,29900,60
1184,남아) 밸런스 트랙수트 집업,25900,39900,35
1185,리플 카라넥 티셔츠,24900,108000,76
1186,CITYBOY 그래픽 반팔티셔츠,27930,39900,30
1187,공용 사카리바 슬릿넥 칠부 티셔츠,12900,39900,67
1188,솔리드 단가라 반팔티셔츠,5900,19900,70
1189,여성 소로나 그래픽 반팔 크롭 티셔츠,7900,29900,73
1190,여성 소로나 그래픽 반팔 크롭 티셔츠,7900,29900,73
1191,여성 립 목넥 반팔 티셔츠,5900,19900,70
1192,여성 면100 그래픽 반팔 티셔츠,5900,19900,70
1193,여성 쿨테리 레터링 후드 반팔 티셔츠,12900,39900,67
1194,여성 모달 스판 골지 목넥 5부 티셔츠,4900,19900,75
1195,컴포터블 폴로 티셔츠,34900,99000,64
1196,컴포터블 폴로 티셔츠,34900,99000,64
1197,쿨텐션 그래픽 5부 티셔츠,24900,39900,37
1198,오버핏 맨투맨형 반팔 티셔츠,24900,39900,37
1199,스테이쿨 포켓 반팔 티셔츠,24900,39900,37
1200,스테이쿨 포켓 반팔 티셔츠,24900,39900,37
1201,수피마 슬럽 라운드 반팔 티셔츠 ,12900,59000,78
1202,수피마 슬럽 라운드 반팔 티셔츠 ,12900,59000,78
1203,[안효섭 착용] 슬릿 카라넥 니트 티셔츠,22900,149000,84
1204,원제로원 콜라보 후드티셔츠 ,39000,89900,56
1205,아동) 오가닉 코튼 레인보우 반팔티,4900,9900,50
1206,남아) 테리 그래픽 맨투맨,11900,29900,60
1207,순살탱방 테리 맨투맨,16900,59900,71
1208,여아 스누피 콜라보 반팔티,24900,0,0
1209,여성) 쿨텐션 솔리드 크루넥 반팔티,19900,39900,50
1210,여성) BALANCE 퀵드라이 메쉬 반팔 티,15900,19900,20
1211,남성) BALANCE 그래픽 반팔 티,15900,19900,20
1212,여성) 슬럽 브이넥 반팔 티,9900,12900,23
1213,공용) 슬럽 긴팔 티,9900,19900,50
1214,공용) 슬럽 스트라이프 반팔 티,19900,0,0
1215,공용) 슬럽 크루넥 반팔 티,9900,12900,23
1216,공용) USA 코튼 그래픽 반팔 티 (바캉스),19900,0,0
1217,공용) 조인혁 콜라보 반팔 티 (플로깅),19900,0,0
1218,공용) 조인혁 콜라보 반팔 티 (플로깅),19900,0,0
1219,공용) 조인혁 콜라보 반팔 티,19900,0,0
1220,여성) 레이온 스판 립 모크넥 반팔 티(5부),19900,0,0
1221,여성) 레이온 스판 립 모크넥 반팔 티(5부),19900,0,0
1222,여성) 콜라보 반팔 티 (김승연 작가 콜라보),19900,0,0
1223,남성) 폰테 스트라이프 반팔 티,29900,0,0
1224,남성) 퀵드라이 폰테 넥슬릿 반팔 티,29900,0,0
1225,남성) 퀵드라이 폰테 그래픽 반팔 티,29900,0,0
1226,남성) 퀵드라이 폰테 포켓 반팔 티,29900,0,0
1227,남성) 와플 텍스쳐드 슬릿넥 반팔 티,29900,0,0
1228,남성) 와플 텍스쳐드 크루넥 반팔 티,29900,0,0
1229,공용) 오가닉 코튼 크루넥 반팔 티,7900,12900,38
1230,공용) USA 코튼 그래픽 반팔 티,7900,19900,60
1231,여성) 싱글 크루넥 워딩 반팔 티,7900,15900,50
1232,여성) 싱글 크루넥 워딩 반팔 티,7900,15900,50
1233,여성) 코튼 롱기장 루즈핏 반팔 티,7900,15900,50
1234,남아) 입체그래픽 반팔티,7900,19900,60
1235,여아) 코튼슬럽 그래픽 민소매티,6900,12900,46
1236,클래식 헤리지티 맥코트,45000,299000,84
1237,라운지 상하세트,19900,25000,20
1238,라운지 상하세트,19900,25000,20
1239,나일론 트랙팬츠,48930,69900,30
1240,오버핏 그래픽 맨투맨,37900,69900,45
1241,오버핏 그래픽 맨투맨,37900,69900,45
1242,오버핏 로고 맨투맨,34900,59900,41
1243,Reorder 크리즈 텍스쳐 아노락,55930,79900,30
1244,유틸리티 오버핏 윈드브레이커,79900,129000,38
1245,리플렉티브 로고 반팔티셔츠,27930,39900,30
1246,원포인트 스몰로고 반팔티셔츠,27930,39900,30
1247,코튼 솔리드 브이넥 긴팔 티셔츠,7900,19900,60
1248,여성 립 목넥 반팔 티셔츠,5900,19900,70
1249,이지웨어 기모 티셔츠,19900,49900,60
1250,쿨텐션 그래픽 5부 티셔츠,24900,39900,37
1251,쿨텐션 그래픽 5부 티셔츠,24900,39900,37
1252,쿨텐션 그래픽 5부 티셔츠,24900,39900,37
1253,리버스테리 슬릿 반팔 티셔츠,16900,39900,57
1254,오버핏 맨투맨형 반팔 티셔츠,24900,39900,37
1255,소재변형 라운드 티셔츠,14900,39900,62
1256,수피마 슬럽 라운드 반팔 티셔츠 ,12900,59000,78
1257,여성) 레이온 립 웨이브 티셔츠,7900,15900,50
1258,원제로원 콜라보 후드티셔츠 ,39000,89900,56
1259,공용) 소로나 긴팔 그래픽티,19900,39900,50
1260,아동) 오가닉 레인보우 반팔티,4900,9900,50
1261,여성) 기모 그래픽 맨투맨,14900,39900,62
1262,베이직 플리스 맨투맨,7900,29900,73
1263,링클프리 치노 팬츠,24900,59900,58
1264,공용)쿨텐션 워딩 그래픽티,24900,49900,50
1265,공용)쿨텐션 워딩 그래픽티,24900,49900,50
1266,여성) 립 크루넥 반팔티,15000,29900,49
1267,공용) 오가닉 코튼 크루넥 긴팔 티,9900,19900,50
1268,여성) 코튼 스트라이프 긴팔 티,9900,19900,50
1269,여성) 코튼 스트라이프 긴팔 티,9900,19900,50
1270,공용) 슬럽 스트라이프 반팔 티,19900,0,0
1271,공용) 슬럽 크루넥 반팔 티,9900,12900,23
1272,공용) 코튼 스트라이프 반팔 티,19900,0,0
1273,공용) 코튼 스트라이프 반팔 티,19900,0,0
1274,공용) 캠페인 그래픽 반팔 티 (충무공),19900,0,0
1275,공용) 에코쿨링 그래픽 반팔 티,29900,0,0
1276,공용) 에코쿨링 그래픽 반팔 티,29900,0,0
1277,공용) USA 코튼 그래픽 반팔 티 (레터링),19900,0,0
1278,여성) 슬럽 크루넥 반팔 티,9900,12900,23
1279,여성) 크롭 그래픽 반팔 티,19900,0,0
1280,여성) USA 코튼 그래픽 반팔 티,19900,0,0
1281,여성) 쿨에어 코튼 크롭 반팔 티 (루즈핏),19900,0,0
1282,여성) 쿨에어 코튼 돌먼 반팔 티,19900,0,0
1283,여성) 쿨에어 코튼 돌먼 반팔 티,19900,0,0
1284,여성) 텐셀 스판 반팔 티,19900,0,0
1285,남성) 폰테 스트라이프 반팔 티,29900,0,0
1286,남성) 퀵드라이 폰테 배색 반팔 티,29900,0,0
1287,남성) 퀵드라이 폰테 넥슬릿 반팔 티,29900,0,0
1288,남성) 퀵드라이 폰테 그래픽 반팔 티,29900,0,0
1289,남성) 퀵드라이 폰테 포켓 반팔 티,29900,0,0
1290,남성) 퀵드라이 폰테 포켓 반팔 티,29900,0,0
1291,남성) 와플 텍스쳐드 크루넥 반팔 티,29900,0,0
1292,남성) 와플 텍스쳐드 크루넥 반팔 티,29900,0,0
1293,남성) 와플 텍스쳐드 크루넥 반팔 티,29900,0,0
1294,여성) 립 긴팔 티,9900,19900,50
1295,공용) USA 코튼 그래픽 반팔 티,7900,19900,60
1296,공용) 디즈니 콜라보 반팔 티,7900,19900,60
1297,여성) 오가닉 코튼 크루넥 반팔 티,7900,12900,38
1298,여성) 코튼 립 반팔 티,7900,15900,50
1299,남아) 슬럽 그래픽 민소매티,5900,12900,54
1300,라운지 상하세트,19900,25000,20
1301,오버핏 그래픽 맨투맨,37900,69900,45
1302,오버핏 그래픽 맨투맨,37900,69900,45
1303,오버핏 그래픽 맨투맨,37900,69900,45
1304,오버핏 로고 맨투맨,34900,59900,41
1305,오버핏 로고 맨투맨,34900,59900,41
1306,오버핏 로고 맨투맨,34900,59900,41
1307,여성 립 브이넥 버튼 반팔 가디건,11900,29900,60
1308,리싸이클 그래픽 반팔티셔츠,27930,39900,30
1309,리플렉티브 로고 반팔티셔츠,27930,39900,30
1310,여성 소로나 그래픽 반팔 크롭 티셔츠,7900,29900,73
1311,여성 립 웨이브 반팔 티셔츠,6900,19900,65
1312,여성 립 웨이브 반팔 티셔츠,6900,19900,65
1313,여성 립 목넥 반팔 티셔츠,5900,19900,70
1314,에브리웨어 파일 카라 티셔츠,24900,99000,74
1315,컴포터블 폴로 티셔츠,34900,99000,64
1316,절개라인 세미오버핏 5부 티셔츠,34900,49900,30
1317,스테이쿨 포켓 반팔 티셔츠,24900,39900,37
1318,스테이쿨 그래픽 반팔 티셔츠,24900,39900,37
1319,USA코튼 솔리드 슬릿 티셔츠,14900,39900,62
1320,소재변형 라운드 티셔츠,14900,39900,62
1321,슈퍼픽션 콜라보 그래픽 반팔 티셔츠,19900,79000,74
1322,오버핏 스웨트 후드 티셔츠,39900,69900,42
1323,순살탱방 와펜 스트라이프 티셔츠,14900,59900,75
1324,원제로원 콜라보 후드티셔츠 ,39000,89900,56
1325,공용) 소로나 긴팔 그래픽티,19900,39900,50
1326,공용 )쿨텐션 솔리드 반팔티,19900,39900,50
1327,여성) 에코 그래픽 반팔 티,24900,49900,50
1328,오버핏 로고 롱슬리브,24900,39900,37
1329,오버핏 로고 롱슬리브,24900,39900,37
1330,오버핏 로고 롱슬리브,24900,39900,37
1331,남아) 테리 그래픽 맨투맨,11900,29900,60
1332,여성 플라워 캠페인 맨투맨,16900,59900,71
1333,실리콘 와펜 맨투맨,14900,39900,62
1334,남아 마블 콜라보 그래픽 반팔티,24900,0,0
1335,여아 호두마루 콜라보 포토 반팔티,29900,0,0
1336,여아 호두마루 콜라보 포토 반팔티,29900,0,0
1337,여성) 쿨텐션 솔리드 크루넥 반팔티,19900,39900,50
1338,공용) 오가닉 코튼 크루넥 긴팔 티,9900,19900,50
1339,공용) 오가닉 코튼 크루넥 긴팔 티,9900,19900,50
1340,여성) BALANCE 긴팔 티,12900,25900,50
1341,여성) 슬럽 스트라이프 브이넥 반팔 티,19900,0,0
1342,여성) 슬럽 스트라이프 브이넥 반팔 티,19900,0,0
1343,여성) 슬럽 스트라이프 브이넥 반팔 티,19900,0,0
1344,여성) 슬럽 브이넥 반팔 티,9900,12900,23
1345,공용) 슬럽 스트라이프 반팔 티,19900,0,0
1346,공용) USA 코튼 그래픽 반팔 티 (레터링),19900,0,0
1347,공용) USA 코튼 그래픽 반팔 티 (레터링),19900,0,0
1348,여성) 크롭 그래픽 반팔 티,19900,0,0
1349,여성) 레이온 스판 립 모크넥 반팔 티(5부),19900,0,0
1350,여성) 텐셀 스판 반팔 티,19900,0,0
1351,남성) 폰테 스트라이프 반팔 티,29900,0,0
1352,남성) 폰테 스트라이프 반팔 티,29900,0,0
1353,남성) 퀵드라이 폰테 넥슬릿 반팔 티,29900,0,0
1354,남성) 퀵드라이 폰테 그래픽 반팔 티,29900,0,0
1355,남성) 퀵드라이 폰테 포켓 반팔 티,29900,0,0
1356,남성) 와플 텍스쳐드 크루넥 반팔 티,29900,0,0
1357,공용) USA 코튼 그래픽 반팔 티,7900,19900,60
1358,여성) 오가닉 코튼 크루넥 반팔 티,7900,12900,38
1359,여성) 오가닉 코튼 크루넥 반팔 티,7900,12900,38
1360,여성) 츄파춥스 콜라보 반팔 티,7900,19900,60
1361,와플 반팔 티,9900,29900,66
1362,아동) 오가닉코튼 레인보우 반팔티,4900,9900,50
1363,라운지 상하세트,19900,25000,20
1364,오버핏 옥스포드 반팔셔츠,41930,59900,30
1365,오버핏 나일론 풀오버 후디,55930,79900,30
1366,나일론 트랙팬츠,48930,69900,30
1367,오버핏 카라 맨투맨,48930,69900,30
1368,오버핏 카라 맨투맨,48930,69900,30
1369,오버핏 그래픽 맨투맨,37900,69900,45
1370,오버핏 그래픽 맨투맨,37900,69900,45
1371,오버핏 그래픽 맨투맨,37900,69900,45
1372,오버핏 그래픽 맨투맨,37900,69900,45
1373,오버핏 로고 맨투맨,34900,59900,41
1374,오버핏 로고 맨투맨,34900,59900,41
1375,오버핏 로고 맨투맨,34900,59900,41
1376,Reorder 크리즈 텍스쳐 카고 조거팬츠,48930,69900,30
1377,Reorder 크리즈 텍스쳐 카고 조거팬츠,48930,69900,30
1378,여아) 밸런스 트랙수트 집업,25900,39900,35
1379,리플 카라넥 티셔츠,24900,108000,76
1380,리싸이클 그래픽 반팔티셔츠,27930,39900,30
1381,리싸이클 그래픽 반팔티셔츠,27930,39900,30
1382,CITY MAP 그래픽 반팔티셔츠,27930,39900,30
1383,CITY MAP 그래픽 반팔티셔츠,27930,39900,30
1384,CITYBOY 그래픽 반팔티셔츠,27930,39900,30
1385,레터링 반팔티셔츠,27930,39900,30
1386,리플렉티브 로고 반팔티셔츠,27930,39900,30
1387,원포인트 스몰로고 반팔티셔츠,27930,39900,30
1388,여성 쿨테리 레터링 후드 반팔 티셔츠,12900,39900,67
1389,에코 프렌들리 폴로 티셔츠,49000,89000,44
1390,화이트샌즈 그래픽 티셔츠,10000,39000,74
1391,절개라인 세미오버핏 5부 티셔츠,34900,49900,30
1392,스테이쿨 그래픽 반팔 티셔츠,24900,39900,37
1393,스테이쿨 그래픽 반팔 티셔츠,24900,39900,37
1394,스테이쿨 그래픽 반팔 티셔츠,24900,39900,37
1395,소재변형 라운드 티셔츠,14900,39900,62
1396,수피마 슬럽 라운드 반팔 티셔츠 ,12900,59000,78
1397,오버핏 스웨트 후드 티셔츠,39900,69900,42
1398,원제로원 콜라보 후드티셔츠 ,39000,89900,56
1399,원제로원 콜라보 후드티셔츠 ,39000,89900,56
1400,원제로원 콜라보 후드티셔츠 ,39000,89900,56
1401,공용) 소로나 긴팔 그래픽티,19900,39900,50
1402,공용) 소로나 긴팔 그래픽티,19900,39900,50
1403,공용 )쿨텐션 솔리드 반팔티,19900,39900,50
1404,공용 )쿨텐션 솔리드 반팔티,19900,39900,50
1405,공용) 쿨텐션 슬릿넥 티,24900,49900,50
1406,공용) 쿨텐션 슬릿넥 티,24900,49900,50
1407,공용) 쿨텐션 슬릿넥 티,24900,49900,50
1408,여성) 에코 그래픽 반팔 티,24900,49900,50
1409,여성) 에코 그래픽 반팔 티,24900,49900,50
1410,아동) 오가닉 레인보우 반팔티,4900,9900,50
1411,오버핏 리사이클 롱슬리브,24900,39900,37
1412,오버핏 리사이클 롱슬리브,24900,39900,37
1413,오버핏 로고 롱슬리브,24900,39900,37
1414,오버핏 로고 롱슬리브,24900,39900,37
1415,여성) 기모 그래픽 맨투맨,14900,39900,62
1416,베이직 플리스 맨투맨,7900,29900,73
1417,남아) 테리 그래픽 맨투맨,11900,29900,60
1418,원마일웨어 그래픽 맨투맨,24900,59900,58
1419,원마일웨어 그래픽 맨투맨,24900,59900,58
1420,원마일웨어 후드,29900,79900,62
1421,실리콘 와펜 맨투맨,14900,39900,62
1422,유니버스)로고 그래픽 반팔티,29000,69000,57
1423,남아 마블 콜라보 그래픽 반팔티,24900,0,0
1424,공용 쿨텐션 호두마루 콜라보 반팔티,29900,0,0
1425,공용 쿨텐션 호두마루 콜라보 반팔티,29900,0,0
1426,여아 코튼 그래픽 반팔티,24900,0,0
1427,여아 코튼 그래픽 반팔티,24900,0,0
1428,여아 코튼 그래픽 반팔티,24900,0,0
1429,여아 코튼 그래픽 반팔티,24900,0,0
1430,여아 호두마루 콜라보 포토 반팔티,29900,0,0
1431,남아 스누피 콜라보 드랍핏 반팔티 ,24900,0,0
1432,남아 스누피 콜라보 반팔티,24900,0,0
1433,남아 스누피 콜라보 반팔티,24900,0,0
1434,여성) 립 크루넥 반팔티,15000,29900,49
1435,여성) 립 크루넥 반팔티,15000,29900,49
1436,공용) 오가닉 코튼 크루넥 긴팔 티,9900,19900,50
1437,여성) BALANCE 긴팔 티,12900,25900,50
1438,공용) 슬럽 긴팔 티,9900,19900,50
1439,공용) 슬럽 스트라이프 반팔 티,19900,0,0
1440,공용) 코튼 스트라이프 반팔 티,19900,0,0
1441,공용) 에코쿨링 그래픽 반팔 티,29900,0,0
1442,공용) 에코쿨링 그래픽 반팔 티,29900,0,0
1443,여성) 크롭 그래픽 반팔 티,19900,0,0
1444,여성) 크롭 그래픽 반팔 티,19900,0,0
1445,여성) 크롭 그래픽 반팔 티,19900,0,0
1446,여성) USA 코튼 그래픽 반팔 티,19900,0,0
1447,여성) 레이온 스판 립 모크넥 반팔 티(5부),19900,0,0
1448,여성) 쿨에어 코튼 돌먼 반팔 티,19900,0,0
1449,여성) 프리미엄 리넨 크루넥 반팔 티,19900,0,0
1450,여성) 오가닉 코튼 크루넥 반팔 티,7900,12900,38
1451,여성) 오가닉 코튼 크루넥 반팔 티,7900,12900,38
1452,여성) 싱글 크루넥 워딩 반팔 티,7900,15900,50
1453,남아) 슬럽 그래픽 민소매티,5900,12900,54
1454,[그로쉬] 시카고 티 텀블러 475ml ,41850,45000,7
1455,클래식 헤리지티 맥코트,45000,299000,84
1456,라운지 상하세트,19900,25000,20
1457,오버핏 옥스포드 반팔셔츠,41930,59900,30
1458,오버핏 옥스포드 셔츠,48930,69900,30
1459,오버핏 나일론 풀오버 맨투맨,48930,69900,30
1460,오버핏 나일론 풀오버 후디,55930,79900,30
1461,오버핏 나일론 풀오버 후디,55930,79900,30
1462,오버핏 그래픽 맨투맨,37900,69900,45
1463,오버핏 그래픽 맨투맨,37900,69900,45
1464,오버핏 그래픽 맨투맨,37900,69900,45
1465,오버핏 그래픽 맨투맨,37900,69900,45
1466,오버핏 그래픽 맨투맨,37900,69900,45
1467,오버핏 로고 맨투맨,34900,59900,41
1468,오버핏 로고 맨투맨,34900,59900,41
1469,오버핏 로고 맨투맨,34900,59900,41
1470,오버핏 로고 맨투맨,34900,59900,41
1471,시그니처 패치 덕다운 푸퍼 점퍼,129000,199000,35
1472,루즈핏 스웨트 조거팬츠,37900,59900,36
1473,루즈핏 스웨트 조거팬츠,37900,59900,36
1474,데일리 윈드브레이커,55920,69900,20
1475,로고 볼캡,27300,39000,30
1476,폴리 액티브 그래픽 탱크,6900,19900,65
1477,폴리 액티브 그래픽 탱크,6900,19900,65
1478,여성 립 브이넥 버튼 반팔 가디건,11900,29900,60
1479,여성 립 브이넥 버튼 반팔 가디건,11900,29900,60
1480,리플 카라넥 티셔츠,24900,108000,76
1481,CITY MAP 그래픽 반팔티셔츠,27930,39900,30
1482,CITYBOY 그래픽 반팔티셔츠,27930,39900,30
1483,레터링 반팔티셔츠,27930,39900,30
1484,레터링 반팔티셔츠,27930,39900,30
1485,레터링 반팔티셔츠,27930,39900,30
1486,EARTH 그래픽 반팔티셔츠,27930,39900,30
1487,EARTH 그래픽 반팔티셔츠,27930,39900,30
1488,EARTH 그래픽 반팔티셔츠,27930,39900,30
1489,원포인트 스몰로고 반팔티셔츠,27930,39900,30
1490,원포인트 스몰로고 반팔티셔츠,27930,39900,30
1491,원포인트 스몰로고 반팔티셔츠,27930,39900,30
1492,원포인트 스몰로고 반팔티셔츠,27930,39900,30
1493,에코 프렌들리 폴로 티셔츠,49000,89000,44
1494,에코 프렌들리 폴로 티셔츠,49000,89000,44
1495,에코 프렌들리 폴로 티셔츠,49000,89000,44
1496,에코 프렌들리 폴로 티셔츠,49000,89000,44
1497,에코 프렌들리 폴로 티셔츠,49000,89000,44
1498,에코 프렌들리 폴로 티셔츠,49000,89000,44
1499,이지웨어 기모 티셔츠,19900,49900,60
1500,쿨텐션 오픈 카라 티셔츠,29900,59900,50
1501,쿨텐션 오픈 카라 티셔츠,29900,59900,50
1502,쿨텐션 오픈 카라 티셔츠,29900,59900,50
1503,쿨텐션 오픈 카라 티셔츠,29900,59900,50
1504,쿨텐션 오픈 카라 티셔츠,29900,59900,50
1505,쿨텐션 그래픽 5부 티셔츠,24900,39900,37
1506,쿨텐션 그래픽 5부 티셔츠,24900,39900,37
1507,쿨텐션 그래픽 5부 티셔츠,24900,39900,37
1508,쿨텐션 그래픽 5부 티셔츠,24900,39900,37
1509,스테이쿨 그래픽 반팔 티셔츠,24900,39900,37
1510,스테이쿨 그래픽 반팔 티셔츠,24900,39900,37
1511,스테이쿨 베이직 반팔 티셔츠,16900,29900,43
1512,USA코튼 솔리드 슬릿 티셔츠,14900,39900,62
1513,USA코튼 솔리드 슬릿 티셔츠,14900,39900,62
1514,유니버스) 레터링 폴로 티셔츠,39000,79000,50
1515,공용) 쿨텐션 슬릿넥 티,24900,49900,50
1516,공용) 쿨텐션 슬릿넥 티,24900,49900,50
1517,시그니처 리플 롱슬리브,19900,79000,74
1518,원마일웨어 그래픽 맨투맨,24900,59900,58
1519,실리콘 와펜 맨투맨,14900,39900,62
1520,오버핏 그래픽 후드티,79900,0,0
1521,오버핏 그래픽 후드티,79900,0,0
1522,오버핏 그래픽 후드티,79900,0,0
1523,유니버스)초코어 콜라보 카라 반팔티,79000,0,0
1524,유니버스)초코어 콜라보 카라 반팔티,79000,0,0
1525,유니버스)초코어 콜라보 카라 반팔티,79000,0,0
1526,유니버스)초코어 콜라보 카라 반팔티,79000,0,0
1527,유니버스)초코어 콜라보 포켓 반팔티,59000,0,0
1528,유니버스)초코어 콜라보 포켓 반팔티,59000,0,0
1529,유니버스)초코어 콜라보 포켓 반팔티,59000,0,0
1530,유니버스)초코어 콜라보 포켓 반팔티,59000,0,0
1531,유니버스)초코어 콜라보 와펜 코튼 반팔티,59000,0,0
1532,유니버스)초코어 콜라보 와펜 코튼 반팔티,59000,0,0
1533,유니버스)초코어 콜라보 와펜 코튼 반팔티,59000,0,0
1534,유니버스)초코어 콜라보 와펜 코튼 반팔티,59000,0,0
1535,유니버스)초코어 콜라보 와펜 코튼 반팔티,59000,0,0
1536,유니버스)초코어 콜라보 와펜 코튼 반팔티,59000,0,0
1537,유니버스)초코어 콜라보 와펜 코튼 반팔티,59000,0,0
1538,남아 마블 콜라보 그래픽 반팔티,24900,0,0
1539,남아 마블 콜라보 그래픽 반팔티,24900,0,0
1540,남아 마블 콜라보 그래픽 반팔티,24900,0,0
1541,공용 소로나 호두마루 콜라보 반팔티 ,29900,0,0
1542,공용 소로나 호두마루 콜라보 반팔티 ,29900,0,0
1543,공용 쿨텐션 호두마루 콜라보 반팔티,29900,0,0
1544,공용 쿨텐션 호두마루 콜라보 반팔티,29900,0,0
1545,공용 쿨텐션 호두마루 콜라보 반팔티,29900,0,0
1546,공용 쿨텐션 호두마루 콜라보 반팔티,29900,0,0
1547,공용 쿨텐션 호두마루 콜라보 반팔티,29900,0,0
1548,공용 쿨텐션 호두마루 콜라보 반팔티,29900,0,0
1549,여아 코튼 그래픽 반팔티,24900,0,0
1550,남아 스누피 콜라보 드랍핏 반팔티 ,24900,0,0
1551,남아 스누피 콜라보 드랍핏 반팔티 ,24900,0,0
1552,남아 스누피 콜라보 반팔티,24900,0,0
1553,남아 스누피 콜라보 반팔티,24900,0,0
1554,공용)쿨텐션 워딩 그래픽티,24900,49900,50
1555,공용)쿨텐션 워딩 그래픽티,24900,49900,50
1556,여성) 오가닉 코튼 크루넥 긴팔 티,9900,19900,50
1557,공용) 슬럽 스트라이프 반팔 티,19900,0,0
1558,공용) 캠페인 그래픽 반팔 티 (반성),19900,0,0
1559,공용) 캠페인 그래픽 반팔 티 (반성),19900,0,0
1560,공용) 캠페인 그래픽 반팔 티 (반성),19900,0,0
1561,공용) 캠페인 그래픽 반팔 티 (반성),19900,0,0
1562,여성) 코튼 스트라이프 크루넥 반팔 티,19900,0,0
1563,여성) 크롭 그래픽 반팔 티,19900,0,0
1564,여성) 프리미엄 리넨 크루넥 반팔 티,19900,0,0
1565,여성) 텐셀 스판 반팔 티,19900,0,0
1566,공용) USA 코튼 그래픽 반팔 티,7900,19900,60
1567,여성) 오가닉 코튼 크루넥 반팔 티,7900,12900,38
1568,여성) 오가닉 코튼 크루넥 반팔 티,7900,12900,38
1569,여성) 오가닉 코튼 크루넥 반팔 티,7900,12900,38
1570,여성) 오가닉 코튼 크루넥 반팔 티,7900,12900,38
1571,아동) 조인혁 콜라보 반팔티,19900,0,0
1572,아동) 조인혁 콜라보 반팔티,19900,0,0
1573,아동) 조인혁 콜라보 반팔티,19900,0,0
1574,아동) 조인혁 콜라보 반팔티,19900,0,0
1575,아동) 조인혁 콜라보 반팔티,19900,0,0
1576,아동) 조인혁 콜라보 반팔티,19900,0,0
1577,아동) 타이다이 반팔티,25900,0,0
1578,아동) 타이다이 반팔티,25900,0,0
1579,아동) 타이다이 반팔티,25900,0,0
1580,남아) 코튼슬럽 그래픽 반팔티,15900,0,0
1581,남아) 코튼슬럽 그래픽 반팔티,15900,0,0
1582,남아) 코튼슬럽 그래픽 반팔티,15900,0,0
1583,남아) 코튼슬럽 그래픽 반팔티,15900,0,0
1584,남아) 코튼슬럽 그래픽 반팔티,15900,0,0
1585,남아) 코튼슬럽 그래픽 반팔티,15900,0,0
1586,남아) 코튼싱글 그래픽 반팔티,15900,0,0
1587,남아) 코튼싱글 그래픽 반팔티,15900,0,0
1588,남아) 코튼싱글 그래픽 반팔티,15900,0,0
1589,남아) 코튼싱글 그래픽 반팔티,15900,0,0
